sender,receiver,edge_type
_pjames_,pwr2dppl,retweet
_pjames_,pwr2dppl,mention
_pmkr,WanderingPoint,retweet
_pmkr,WanderingPoint,mention
1Biotensegrity,RG1gal,retweet
1Biotensegrity,RG1gal,mention
41mikes,mathprofcarrie,retweet
41mikes,mathprofcarrie,mention
41mikes,jmm2021,mention
abbaskins,mathprofcarrie,retweet
abbaskins,mathprofcarrie,mention
abbaskins,jmm2021,mention
AbelOtuya,mathprofcarrie,retweet
AbelOtuya,mathprofcarrie,mention
aboufade,WanderingPoint,retweet
aboufade,WanderingPoint,mention
AbsurdistPedant,WanderingPoint,retweet
AbsurdistPedant,WanderingPoint,mention
Acertaintom,VictorPiercey1,retweet
Acertaintom,VictorPiercey1,retweet
Acertaintom,VictorPiercey1,retweet
Acertaintom,VictorPiercey1,mention
Acertaintom,VictorPiercey1,mention
Acertaintom,VictorPiercey1,mention
achambertloir,CecileMichaut,reply
achambertloir,JohannaF_math,retweet
achambertloir,mathprofcarrie,retweet
achambertloir,JohannaF_math,mention
achambertloir,mathprofcarrie,mention
achambertloir,jmm2021,mention
achambertloir,CecileMichaut,mention
achambertloir,Laelia_Ve,mention
achambertloir,arretsurimages,mention
achambertloir,realUNIVfrance,mention
AJ72826261,KJMDPhD,retweet
AJ72826261,KyJmd,mention
AlBell42017,BillOpenmind,retweet
AlBell42017,BillOpenmind,mention
AlbertTLunde,belladoesmath,retweet
AlexGalarce,WanderingPoint,retweet
AlexGalarce,WanderingPoint,mention
AlexGalarce,mathyadriana,mention
AlexPHoover,frontLahn,retweet
AlexPHoover,frontLahn,mention
algebrandis,sbagley,retweet
algebrandis,mathprofcarrie,retweet
algebrandis,pwr2dppl,retweet
algebrandis,frontLahn,retweet
algebrandis,mathprofcarrie,retweet
algebrandis,sbagley,mention
algebrandis,mathprofcarrie,mention
algebrandis,pwr2dppl,mention
algebrandis,blkmathmagic,mention
algebrandis,frontLahn,mention
algebrandis,mathprofcarrie,mention
AliciaPL25,youngstownstate,mention
AliciaPL25,FedericoArdila,mention
AliciaPL25,dtkung,mention
anitochdz,frontLahn,retweet
anitochdz,frontLahn,mention
anna_c_nelson,mathcourtney,retweet
anna_c_nelson,mathcourtney,mention
anna_c_nelson,HZinnbrooks,mention
annakmil,mathprofcarrie,retweet
annakmil,mathprofcarrie,mention
annakmil,jmm2021,mention
annarden,RG1gal,retweet
annarden,RG1gal,mention
AnnClifton9,WanderingPoint,retweet
AnnClifton9,WanderingPoint,mention
ArcheyDawn,mathyadriana,reply
ArcheyDawn,mathprofcarrie,retweet
ArcheyDawn,mathprofcarrie,mention
ArcheyDawn,ArcheyDawn,mention
ArcheyDawn,mathyadriana,mention
ArcheyDawn,diazlopezmath,mention
ArcheyDawn,xl772,mention
ArcheyDawn,pwr2dppl,mention
ArcheyDawn,LoboWithACause,mention
ArcheyDawn,WanderingPoint,mention
ArcheyDawn,RachelleDeCoste,mention
ArcheyDawn,mathyadriana,mention
ArcheyDawn,diazlopezmath,mention
ArcheyDawn,mathprofcarrie,mention
ArcheyDawn,xl772,mention
ArcheyDawn,pwr2dppl,mention
ArcheyDawn,LoboWithACause,mention
ArcheyDawn,WanderingPoint,mention
ArcheyDawn,RachelleDeCoste,mention
arsuaga3,WanderingPoint,retweet
arsuaga3,WanderingPoint,mention
ash_wee_k,WanderingPoint,retweet
ash_wee_k,LoboWithACause,retweet
ash_wee_k,WanderingPoint,mention
ash_wee_k,LoboWithACause,mention
askmrsmartinez,RG1gal,retweet
askmrsmartinez,RG1gal,mention
astrojipjawej,mathprofcarrie,retweet
astrojipjawej,mathprofcarrie,mention
astrojipjawej,jmm2021,mention
Atabey_Kaygun,matthematician,retweet
Atabey_Kaygun,matthematician,mention
Audrey_Mendivil,RG1gal,retweet
Audrey_Mendivil,RG1gal,mention
AuroraBirdialis,sbagley,retweet
AuroraBirdialis,sbagley,retweet
AuroraBirdialis,sbagley,retweet
AuroraBirdialis,sbagley,retweet
AuroraBirdialis,sbagley,mention
AuroraBirdialis,sbagley,mention
AuroraBirdialis,sbagley,mention
AuroraBirdialis,JointMath,mention
AuroraBirdialis,sbagley,mention
awmadvance,blviray,retweet
awmadvance,blviray,mention
awmadvance,pwr2dppl,mention
awmadvance,WanderingPoint,mention
AWMmath,susan_dagostino,retweet
AWMmath,susan_dagostino,mention
AWMmath,Morehouse,mention
BarbaraFantechi,pwr2dppl,retweet
BarbaraFantechi,WanderingPoint,retweet
BarbaraFantechi,monsoon0,retweet
BarbaraFantechi,belladoesmath,retweet
BarbaraFantechi,darrenglass,retweet
BarbaraFantechi,VictorPiercey1,retweet
BarbaraFantechi,WanderingPoint,retweet
BarbaraFantechi,pwr2dppl,mention
BarbaraFantechi,WanderingPoint,mention
BarbaraFantechi,monsoon0,mention
BarbaraFantechi,darrenglass,mention
BarbaraFantechi,VictorPiercey1,mention
BarbaraFantechi,ArisWinger,mention
BarbaraFantechi,maanow,mention
BarbaraFantechi,WanderingPoint,mention
BarbaraJaneGunn,AliciaPL25,retweet
BarbaraJaneGunn,AliciaPL25,mention
BarbaraJaneGunn,FedericoArdila,mention
bat_scholar,WanderingPoint,retweet
bat_scholar,WanderingPoint,mention
bearboyf,mathprofcarrie,retweet
bearboyf,mathprofcarrie,mention
bearboyf,jmm2021,mention
BenisConsumer,BresockCalculus,reply
BenisConsumer,BresockCalculus,mention
benjamindickman,joshuazucker,reply
benjamindickman,blkmathmagic,reply
benjamindickman,sbagley,retweet
benjamindickman,mathyadriana,retweet
benjamindickman,WanderingPoint,retweet
benjamindickman,blviray,retweet
benjamindickman,monsoon0,retweet
benjamindickman,mathprofcarrie,retweet
benjamindickman,mathprofcarrie,retweet
benjamindickman,AliciaPL25,retweet
benjamindickman,LoboWithACause,retweet
benjamindickman,diazlopezmath,retweet
benjamindickman,pwr2dppl,retweet
benjamindickman,amermathsoc,quote-tweet
benjamindickman,GlobalMathDept,quote-tweet
benjamindickman,benjamindickman,quote-tweet
benjamindickman,benjamindickman,quote-tweet
benjamindickman,sbagley,mention
benjamindickman,thewordninja_bk,mention
benjamindickman,JointMath,mention
benjamindickman,mathyadriana,mention
benjamindickman,LoboWithACause,mention
benjamindickman,WanderingPoint,mention
benjamindickman,amermathsoc,mention
benjamindickman,joshuazucker,mention
benjamindickman,blkmathmagic,mention
benjamindickman,todosmath,mention
benjamindickman,blviray,mention
benjamindickman,pwr2dppl,mention
benjamindickman,WanderingPoint,mention
benjamindickman,monsoon0,mention
benjamindickman,achambertloir,mention
benjamindickman,XenaProject,mention
benjamindickman,HigherGeometer,mention
benjamindickman,BarbaraFantechi,mention
benjamindickman,pwr2dppl,mention
benjamindickman,amermathsoc,mention
benjamindickman,lpachter,mention
benjamindickman,samjshah2,mention
benjamindickman,AlexandraBerke,mention
benjamindickman,mathprofcarrie,mention
benjamindickman,jmm2021,mention
benjamindickman,mathprofcarrie,mention
benjamindickman,AliciaPL25,mention
benjamindickman,FedericoArdila,mention
benjamindickman,LoboWithACause,mention
benjamindickman,diazlopezmath,mention
benjamindickman,pwr2dppl,mention
benjamindickman,blkmathmagic,mention
BikeMath,pwr2dppl,reply
BikeMath,pwr2dppl,reply
BikeMath,thewordninja_bk,reply
BikeMath,pwr2dppl,reply
BikeMath,WanderingPoint,retweet
BikeMath,sbagley,retweet
BikeMath,matthematician,retweet
BikeMath,WanderingPoint,mention
BikeMath,sbagley,mention
BikeMath,matthematician,mention
BikeMath,pwr2dppl,mention
BikeMath,thewordninja_bk,mention
BikeMath,pwr2dppl,mention
BikeMath,thewordninja_bk,mention
BikeMath,pwr2dppl,mention
BikeMath,pwr2dppl,mention
BillOpenmind,BillOpenmind,retweet
BillOpenmind,BillOpenmind,mention
blkmathmagic,blkmathmagic,reply
blkmathmagic,blkmathmagic,reply
blkmathmagic,vanessaarceliaa,reply
blkmathmagic,MarissaKawehi,reply
blkmathmagic,MarissaKawehi,reply
blkmathmagic,blkmathmagic,reply
blkmathmagic,mathprofcarrie,retweet
blkmathmagic,sbagley,retweet
blkmathmagic,MarissaKawehi,retweet
blkmathmagic,WanderingPoint,retweet
blkmathmagic,pwr2dppl,retweet
blkmathmagic,pwr2dppl,quote-tweet
blkmathmagic,mathprofcarrie,mention
blkmathmagic,jmm2021,mention
blkmathmagic,sbagley,mention
blkmathmagic,MarissaKawehi,mention
blkmathmagic,WanderingPoint,mention
blkmathmagic,pwr2dppl,mention
blkmathmagic,blkmathmagic,mention
blkmathmagic,vanessaarceliaa,mention
blkmathmagic,vanessaarceliaa,mention
blkmathmagic,mathprofcarrie,mention
blkmathmagic,pwr2dppl,mention
blkmathmagic,MarissaKawehi,mention
blkmathmagic,pwr2dppl,mention
blkmathmagic,LoboWithACause,mention
blkmathmagic,xl772,mention
blkmathmagic,mathprofcarrie,mention
blkmathmagic,FedericoArdila,mention
blkmathmagic,priyam886,mention
blkmathmagic,MarissaKawehi,mention
blkmathmagic,priyam886,mention
blkmathmagic,pwr2dppl,mention
blkmathmagic,LoboWithACause,mention
blkmathmagic,xl772,mention
blkmathmagic,mathprofcarrie,mention
blkmathmagic,FedericoArdila,mention
blviray,priyam886,quote-tweet
blviray,pwr2dppl,mention
blviray,WanderingPoint,mention
blviray,FedericoArdila,mention
BmcChem,mathprofcarrie,retweet
BmcChem,mathprofcarrie,mention
BmcChem,jmm2021,mention
bmgilland,WanderingPoint,retweet
bmgilland,WanderingPoint,mention
BrandauerJ,DrMRLD,retweet
BrandauerJ,DrMRLD,mention
Cal_Q_L8,mathcourtney,retweet
Cal_Q_L8,mathcourtney,mention
Cal_Q_L8,HZinnbrooks,mention
CardColm,monsoon0,retweet
CardColm,monsoon0,mention
Category_Fury,WanderingPoint,retweet
Category_Fury,WanderingPoint,mention
Category_Fury,mathyadriana,mention
Cayleygrapher,vanessaarceliaa,reply
Cayleygrapher,vanessaarceliaa,mention
ccshan,WanderingPoint,retweet
ccshan,WanderingPoint,mention
CecileMichaut,Laelia_Ve,reply
CecileMichaut,Laelia_Ve,mention
CecileMichaut,arretsurimages,mention
CecileMichaut,realUNIVfrance,mention
CeritDr,WanderingPoint,retweet
CeritDr,WanderingPoint,mention
ChengSoonOng,WanderingPoint,retweet
ChengSoonOng,WanderingPoint,mention
ChengSoonOng,mathyadriana,mention
ChristianJaeh,WanderingPoint,retweet
ChristianJaeh,WanderingPoint,mention
cjp_still,matthewando,retweet
cjp_still,matthewando,mention
CKalinecCraig,blkmathmagic,quote-tweet
ClaudioJacobo,ClaudioJacobo,reply
ClaudioJacobo,mathprofcarrie,mention
ClaudioJacobo,uchicagogsu,mention
ComplexWales,BillOpenmind,retweet
ComplexWales,BillOpenmind,mention
CompStatsGeom,AliciaPL25,retweet
CompStatsGeom,AliciaPL25,mention
CompStatsGeom,FedericoArdila,mention
con_nect_ed,belladoesmath,retweet
cordesm,WanderingPoint,retweet
cordesm,WanderingPoint,mention
ctheobarker,RG1gal,retweet
ctheobarker,RG1gal,retweet
ctheobarker,WanderingPoint,retweet
ctheobarker,siwelwerd,retweet
ctheobarker,monsoon0,retweet
ctheobarker,RG1gal,mention
ctheobarker,RG1gal,mention
ctheobarker,WanderingPoint,mention
ctheobarker,siwelwerd,mention
ctheobarker,monsoon0,mention
dagan_karp,WanderingPoint,retweet
dagan_karp,WanderingPoint,mention
dana_neidinger,mathprofcarrie,retweet
dana_neidinger,mathprofcarrie,mention
daveinstpaul,WanderingPoint,retweet
daveinstpaul,WanderingPoint,mention
davewripley,WanderingPoint,retweet
davewripley,WanderingPoint,mention
davidwees,davidwees,reply
davidwees,DingleTeach,reply
davidwees,DingleTeach,mention
davidwees,mathprofcarrie,mention
davidwees,Sam71244027,mention
davidwees,sophgermain,mention
davidwees,DingleTeach,mention
davidwees,mathprofcarrie,mention
davidwees,Sam71244027,mention
davidwees,sophgermain,mention
davidwees,mathprofcarrie,mention
dbdoughe,WanderingPoint,retweet
dbdoughe,WanderingPoint,mention
declan_hoare,MarissaKawehi,retweet
declan_hoare,MarissaKawehi,mention
DeirdreM10,DrMRLD,retweet
DeirdreM10,DrMRLD,mention
diazlopezmath,diazlopezmath,reply
diazlopezmath,diazlopezmath,reply
diazlopezmath,WanderingPoint,retweet
diazlopezmath,WanderingPoint,retweet
diazlopezmath,VictorPiercey1,retweet
diazlopezmath,mathprofcarrie,mention
diazlopezmath,mathyadriana,mention
diazlopezmath,xl772,mention
diazlopezmath,pwr2dppl,mention
diazlopezmath,LoboWithACause,mention
diazlopezmath,WanderingPoint,mention
diazlopezmath,RachelleDeCoste,mention
diazlopezmath,WanderingPoint,mention
diazlopezmath,WanderingPoint,mention
diazlopezmath,VictorPiercey1,mention
diazlopezmath,kenandoesmath,mention
diazlopezmath,pwr2dppl,mention
diazlopezmath,amermathsoc,mention
diazlopezmath,cath2math,mention
diazlopezmath,JointMath,mention
diazlopezmath,pwr2dppl,mention
DingleTeach,mathprofcarrie,reply
DingleTeach,HthrLynnJ,retweet
DingleTeach,WanderingPoint,retweet
DingleTeach,benjamindickman,retweet
DingleTeach,HthrLynnJ,mention
DingleTeach,LoboWithACause,mention
DingleTeach,DingleTeach,mention
DingleTeach,WanderingPoint,mention
DingleTeach,benjamindickman,mention
DingleTeach,mathprofcarrie,mention
DingleTeach,Sam71244027,mention
DingleTeach,sophgermain,mention
DLeslieLancs,WanderingPoint,retweet
DLeslieLancs,WanderingPoint,mention
Doc_Kat,WanderingPoint,retweet
Doc_Kat,pwr2dppl,retweet
Doc_Kat,WanderingPoint,mention
Doc_Kat,pwr2dppl,mention
drbehardisty,siwelwerd,retweet
drbehardisty,siwelwerd,mention
DrBKirkpatrick,sbagley,reply
DrBKirkpatrick,sbagley,mention
DrBrandyMath,DrBrandyMath,reply
DrBrandyMath,MarissaKawehi,retweet
DrBrandyMath,WanderingPoint,quote-tweet
DrBrandyMath,dtkung,mention
DrBrandyMath,maanow,mention
DrBrandyMath,dtkung,mention
DrBrandyMath,MarissaKawehi,mention
DrBrandyMath,dtkung,mention
DrBrandyMath,maanow,mention
DrClaireJanelle,DrClaireJanelle,reply
DrClaireJanelle,pwr2dppl,retweet
DrClaireJanelle,mathprofcarrie,retweet
DrClaireJanelle,pwr2dppl,mention
DrClaireJanelle,blkmathmagic,mention
DrClaireJanelle,mathprofcarrie,mention
DrClaireJanelle,jmm2021,mention
DrErikaBullock,RG1gal,retweet
DrErikaBullock,RG1gal,mention
DrHenryGarrett,mathillustrated,retweet
DrHenryGarrett,benjamindickman,retweet
DrHenryGarrett,jensilvermath,retweet
DrHenryGarrett,DrMRLD,retweet
DrHenryGarrett,benjamindickman,retweet
DrHenryGarrett,mathcourtney,quote-tweet
DrHenryGarrett,mathillustrated,mention
DrHenryGarrett,timchartier,mention
DrHenryGarrett,benjamindickman,mention
DrHenryGarrett,jensilvermath,mention
DrHenryGarrett,kellydholstine,mention
DrHenryGarrett,YouTube,mention
DrHenryGarrett,DrMRLD,mention
DrHenryGarrett,washcoll,mention
DrHenryGarrett,benjamindickman,mention
DrHenryGarrett,achambertloir,mention
DrHenryGarrett,XenaProject,mention
DrHenryGarrett,HigherGeometer,mention
drjamesalvarez,mathprofcarrie,retweet
drjamesalvarez,mathprofcarrie,mention
DrMRLD,DrMRLD,reply
DrMRLD,WanderingPoint,retweet
DrMRLD,WanderingPoint,quote-tweet
DrMRLD,DrMRLD,quote-tweet
DrMRLD,siwelwerd,quote-tweet
DrMRLD,darrenglass,quote-tweet
DrMRLD,dtkung,mention
DrMRLD,xanderfaber,mention
DrMRLD,WanderingPoint,mention
DrMRLD,WanderingPoint,mention
DrMRLD,washcoll,mention
dropoutnation,WanderingPoint,retweet
dropoutnation,WanderingPoint,mention
drspoulsen,DrMRLD,retweet
drspoulsen,DrMRLD,retweet
drspoulsen,mathillustrated,retweet
drspoulsen,WanderingPoint,retweet
drspoulsen,WanderingPoint,retweet
drspoulsen,DrMRLD,retweet
drspoulsen,DrMRLD,mention
drspoulsen,DrMRLD,mention
drspoulsen,mathillustrated,mention
drspoulsen,timchartier,mention
drspoulsen,WanderingPoint,mention
drspoulsen,WanderingPoint,mention
drspoulsen,DrMRLD,mention
drspoulsen,washcoll,mention
dtkung,dtkung,reply
dtkung,dtkung,reply
dtkung,dtkung,quote-tweet
dtkung,maanow,quote-tweet
dtkung,JointMath,mention
dtkung,maanow,mention
dtkung,FedericoArdila,mention
ecology_chris,pwr2dppl,retweet
ecology_chris,Shelby_M_Scott,retweet
ecology_chris,pwr2dppl,mention
ecology_chris,Shelby_M_Scott,mention
EdsiNetwork,WanderingPoint,retweet
EdsiNetwork,ClaudioJacobo,retweet
EdsiNetwork,mathprofcarrie,retweet
EdsiNetwork,WanderingPoint,mention
EdsiNetwork,ClaudioJacobo,mention
EdsiNetwork,mathprofcarrie,mention
EdsiNetwork,mathprofcarrie,mention
EdsiNetwork,vanessaarceliaa,mention
EdsiNetwork,pwr2dppl,mention
ef_math,virtualcourtney,retweet
ef_math,virtualcourtney,mention
elizabethmunch,pwr2dppl,retweet
elizabethmunch,WanderingPoint,retweet
elizabethmunch,pwr2dppl,retweet
elizabethmunch,mathyadriana,retweet
elizabethmunch,pwr2dppl,mention
elizabethmunch,WanderingPoint,mention
elizabethmunch,pwr2dppl,mention
elizabethmunch,JointMath,mention
elizabethmunch,mathyadriana,mention
EllisMathEd,mathprofcarrie,retweet
EllisMathEd,mathprofcarrie,mention
EllisMathEd,jmm2021,mention
emilyriehl,blviray,retweet
emilyriehl,pwr2dppl,retweet
emilyriehl,WanderingPoint,retweet
emilyriehl,blviray,mention
emilyriehl,pwr2dppl,mention
emilyriehl,WanderingPoint,mention
emilyriehl,pwr2dppl,mention
emilyriehl,WanderingPoint,mention
EmilyTWinn13,MarissaKawehi,retweet
EmilyTWinn13,MarissaKawehi,mention
Enchilaudanum,WanderingPoint,retweet
Enchilaudanum,matthematician,retweet
Enchilaudanum,mathyadriana,retweet
Enchilaudanum,WanderingPoint,mention
Enchilaudanum,matthematician,mention
Enchilaudanum,WanderingPoint,mention
Enchilaudanum,mathyadriana,mention
Enchilaudanum,LoboWithACause,mention
eringriffin003,mathprofcarrie,retweet
eringriffin003,mathprofcarrie,mention
eringriffin003,jmm2021,mention
ESMathTeacher,KJMDPhD,retweet
ESMathTeacher,KyJmd,mention
eterEphemeral,WanderingPoint,retweet
eterEphemeral,WanderingPoint,mention
eterEphemeral,mathyadriana,mention
evelynjlamb,frontLahn,retweet
evelynjlamb,frontLahn,mention
EWhitteck,siwelwerd,quote-tweet
eyescientific,blkmathmagic,retweet
eyescientific,blkmathmagic,retweet
eyescientific,MarissaKawehi,retweet
eyescientific,blkmathmagic,mention
eyescientific,pwr2dppl,mention
eyescientific,blkmathmagic,mention
eyescientific,MarissaKawehi,mention
f_futamura,WanderingPoint,retweet
f_futamura,WanderingPoint,mention
FedericoArdila,FedericoArdila,reply
FedericoArdila,RG1gal,retweet
FedericoArdila,WanderingPoint,quote-tweet
FedericoArdila,RG1gal,mention
FedericoArdila,JointMath,mention
FedericoArdila,mayli,mention
FedericoArdila,duanecoop,mention
FedericoArdila,priyam886,mention
FedericoArdila,HaydeeLindo,mention
FedericoArdila,ErikaTCamacho,mention
FedericoArdila,mayli,mention
FedericoArdila,LoboWithACause,mention
FedericoArdila,pwr2dppl,mention
FedericoArdila,WanderingPoint,mention
FedericoArdila,mathprofcarrie,mention
FedericoArdila,JointMath,mention
FidgeyB,WanderingPoint,retweet
FidgeyB,WanderingPoint,mention
FolaAgusto,mathprofcarrie,retweet
FolaAgusto,mathprofcarrie,mention
FolaAgusto,jmm2021,mention
fra_berni,fra_berni,reply
fra_berni,fra_berni,reply
fra_berni,fra_berni,reply
fra_berni,fra_berni,reply
fra_berni,fra_berni,reply
fra_berni,WanderingPoint,reply
fra_berni,fra_berni,reply
fra_berni,pwr2dppl,retweet
fra_berni,qsideinstitute,retweet
fra_berni,PamHarris1128,mention
fra_berni,pwr2dppl,mention
fra_berni,LoboWithACause,mention
fra_berni,PamHarris1128,mention
fra_berni,qsideinstitute,mention
fra_berni,JointMath,mention
fra_berni,LoboWithACause,mention
fra_berni,pwr2dppl,mention
fra_berni,LoboWithACause,mention
fra_berni,WanderingPoint,mention
fra_berni,mathprofcarrie,mention
fra_berni,pwr2dppl,mention
fra_berni,FedericoArdila,mention
fra_berni,LoboWithACause,mention
fra_berni,ClaudioJacobo,mention
fra_berni,blkmathmagic,mention
fra_berni,xl772,mention
fra_berni,PamHarris1128,mention
fra_berni,MarissaRenardy,mention
fra_berni,JointMath,mention
fraarici,WanderingPoint,retweet
fraarici,WanderingPoint,mention
frontLahn,pwr2dppl,retweet
frontLahn,mathprofcarrie,retweet
frontLahn,sbagley,retweet
frontLahn,sbagley,retweet
frontLahn,pwr2dppl,retweet
frontLahn,frontLahn,quote-tweet
frontLahn,pwr2dppl,mention
frontLahn,mathprofcarrie,mention
frontLahn,sbagley,mention
frontLahn,sbagley,mention
frontLahn,pwr2dppl,mention
G2Campbell,blviray,retweet
G2Campbell,blviray,mention
G2Campbell,pwr2dppl,mention
G2Campbell,WanderingPoint,mention
GaryAdolphson,mathprofcarrie,retweet
GaryAdolphson,mathprofcarrie,mention
GaryAdolphson,jmm2021,mention
geonz,RG1gal,retweet
geonz,RG1gal,mention
gitanjalivi,monsoon0,reply
gitanjalivi,monsoon0,reply
gitanjalivi,monsoon0,mention
gitanjalivi,monsoon0,mention
GizemKaraali_,KJMDPhD,retweet
GizemKaraali_,WanderingPoint,retweet
GizemKaraali_,RG1gal,retweet
GizemKaraali_,mathprofcarrie,retweet
GizemKaraali_,VictorPiercey1,retweet
GizemKaraali_,sbagley,retweet
GizemKaraali_,KyJmd,mention
GizemKaraali_,WanderingPoint,mention
GizemKaraali_,RG1gal,mention
GizemKaraali_,mathprofcarrie,mention
GizemKaraali_,VictorPiercey1,mention
GizemKaraali_,mathbabedotorg,mention
GizemKaraali_,kenandoesmath,mention
GizemKaraali_,JointMath,mention
GizemKaraali_,maanow,mention
GizemKaraali_,sbagley,mention
gleuschk,swirlgirl31415,retweet
gleuschk,swirlgirl31415,mention
gleuschk,dtkung,mention
gleuschk,maanow,mention
GoodsiePhD,mathprofcarrie,retweet
GoodsiePhD,mathprofcarrie,mention
GoodsiePhD,jmm2021,mention
GoodsiePhD,dtkung,mention
GoodsiePhD,jmm2021,mention
GuldenKarakok,sbagley,retweet
GuldenKarakok,sbagley,mention
hannahfenster93,monsoon0,retweet
hannahfenster93,monsoon0,mention
HaydeeLindo,GoodsiePhD,retweet
HaydeeLindo,GoodsiePhD,mention
HaydeeLindo,dtkung,mention
heidifessenden,RG1gal,retweet
heidifessenden,RG1gal,mention
HeyHeresSteve,KJMDPhD,retweet
HeyHeresSteve,WanderingPoint,retweet
HeyHeresSteve,KyJmd,mention
HeyHeresSteve,WanderingPoint,mention
holom0rph,SwipeWright,reply
holom0rph,SwipeWright,mention
howe,ClaudioJacobo,retweet
howe,ClaudioJacobo,mention
HthrLynnJ,HthrLynnJ,reply
HthrLynnJ,pwr2dppl,retweet
HthrLynnJ,mathprofcarrie,retweet
HthrLynnJ,LoboWithACause,mention
HthrLynnJ,LoboWithACause,mention
HthrLynnJ,DingleTeach,mention
HthrLynnJ,pwr2dppl,mention
HthrLynnJ,mathprofcarrie,mention
ilaba,WanderingPoint,retweet
ilaba,WanderingPoint,mention
ilana_horn,RG1gal,retweet
ilana_horn,RG1gal,mention
ipnosimmia,WanderingPoint,retweet
ipnosimmia,WanderingPoint,mention
j_lanier,WanderingPoint,retweet
j_lanier,WanderingPoint,mention
jackrsturm,mathprofcarrie,retweet
jackrsturm,mathprofcarrie,mention
jackrsturm,jmm2021,mention
jacksonfulton2,MarissaKawehi,reply
jacksonfulton2,MarissaKawehi,mention
jacksonfulton2,blkmathmagic,mention
jacksonmorris_,sbagley,retweet
jacksonmorris_,sbagley,mention
JadeMasterMath,WanderingPoint,retweet
JadeMasterMath,WanderingPoint,mention
jajensen681,pwr2dppl,retweet
jajensen681,pwr2dppl,retweet
jajensen681,mathyadriana,retweet
jajensen681,pwr2dppl,mention
jajensen681,pwr2dppl,mention
jajensen681,mathyadriana,mention
jajensen681,LoboWithACause,mention
jasonemiller,DrMRLD,retweet
jasonemiller,DrMRLD,mention
JasonWilliamsNY,monsoon0,retweet
JasonWilliamsNY,monsoon0,mention
JasonWilliamsNY,mathprofcarrie,mention
JeffGraham15,qsideinstitute,retweet
JeffGraham15,qsideinstitute,mention
JeffGraham15,JointMath,mention
jen_loescher,RG1gal,retweet
jen_loescher,RG1gal,mention
jennalaib,benjamindickman,retweet
jennalaib,benjamindickman,mention
jensilvermath,kellydholstine,mention
jensilvermath,YouTube,mention
jessalynalyn,WanderingPoint,retweet
jessalynalyn,WanderingPoint,mention
JessieLenarz,WanderingPoint,retweet
JessieLenarz,WanderingPoint,mention
JoannaWares,sbagley,retweet
JoannaWares,sbagley,mention
JoFerMedina,mathprofcarrie,retweet
JoFerMedina,mathprofcarrie,mention
JohannaF_math,JohannaF_math,reply
JohannaF_math,JohannaF_math,reply
JohannaF_math,mathillustrated,retweet
JohannaF_math,mathcourtney,retweet
JohannaF_math,mathillustrated,mention
JohannaF_math,timchartier,mention
JohannaF_math,mathcourtney,mention
JohannaF_math,HZinnbrooks,mention
JointMath,qsideinstitute,retweet
JointMath,mathprofcarrie,retweet
JointMath,MarissaKawehi,retweet
JointMath,monsoon0,retweet
JointMath,frontLahn,retweet
JointMath,mathprofcarrie,retweet
JointMath,WanderingPoint,retweet
JointMath,sbagley,retweet
JointMath,WanderingPoint,retweet
JointMath,katebelin,retweet
JointMath,sbagley,retweet
JointMath,VictorPiercey1,retweet
JointMath,pwr2dppl,retweet
JointMath,HthrLynnJ,retweet
JointMath,monsoon0,retweet
JointMath,MBarany,retweet
JointMath,pwr2dppl,retweet
JointMath,sbagley,retweet
JointMath,RachelleDeCoste,retweet
JointMath,joshlaison,retweet
JointMath,mathprofcarrie,retweet
JointMath,monsoon0,retweet
JointMath,dtkung,retweet
JointMath,monsoon0,retweet
JointMath,sbagley,retweet
JointMath,ClaudioJacobo,retweet
JointMath,pwr2dppl,retweet
JointMath,MBarany,retweet
JointMath,fra_berni,retweet
JointMath,mathprofcarrie,retweet
JointMath,sbagley,retweet
JointMath,AliciaPL25,retweet
JointMath,mathyadriana,retweet
JointMath,CKalinecCraig,retweet
JointMath,mathyadriana,retweet
JointMath,LoboWithACause,retweet
JointMath,Shelby_M_Scott,retweet
JointMath,Shelby_M_Scott,retweet
JointMath,sbagley,retweet
JointMath,mathyadriana,retweet
JointMath,KristinePelatt,retweet
JointMath,pwr2dppl,retweet
JointMath,darrenglass,retweet
JointMath,mathprofcarrie,retweet
JointMath,monsoon0,retweet
JointMath,sbagley,retweet
JointMath,sbagley,retweet
JointMath,susan_dagostino,retweet
JointMath,RachelleDeCoste,retweet
JointMath,sbagley,retweet
JointMath,sbagley,retweet
JointMath,mathprofcarrie,retweet
JointMath,thewordninja_bk,retweet
JointMath,blkmathmagic,retweet
JointMath,mathprofcarrie,retweet
JointMath,mathprofcarrie,retweet
JointMath,LoboWithACause,retweet
JointMath,elizabethmunch,retweet
JointMath,monsoon0,retweet
JointMath,swirlgirl31415,retweet
JointMath,sbagley,retweet
JointMath,sbagley,retweet
JointMath,WanderingPoint,retweet
JointMath,FedericoArdila,retweet
JointMath,mathprofcarrie,retweet
JointMath,mathyadriana,retweet
JointMath,HthrLynnJ,retweet
JointMath,mathprofcarrie,retweet
JointMath,mathprofcarrie,retweet
JointMath,mathprofcarrie,retweet
JointMath,fra_berni,retweet
JointMath,sbagley,retweet
JointMath,mathprofcarrie,retweet
JointMath,monsoon0,retweet
JointMath,VictorPiercey1,retweet
JointMath,pwr2dppl,retweet
JointMath,mathyadriana,retweet
JointMath,mathprofcarrie,retweet
JointMath,sbagley,retweet
JointMath,mathprofcarrie,retweet
JointMath,sbagley,retweet
JointMath,sbagley,retweet
JointMath,ClaudioJacobo,retweet
JointMath,sbagley,retweet
JointMath,DrMRLD,retweet
JointMath,qsideinstitute,mention
JointMath,JointMath,mention
JointMath,mathprofcarrie,mention
JointMath,jmm2021,mention
JointMath,MarissaKawehi,mention
JointMath,mathyadriana,mention
JointMath,monsoon0,mention
JointMath,thewordninja_bk,mention
JointMath,pwr2dppl,mention
JointMath,fra_berni,mention
JointMath,monsoon0,mention
JointMath,JointMath,mention
JointMath,frontLahn,mention
JointMath,mathprofcarrie,mention
JointMath,LoboWithACause,mention
JointMath,WanderingPoint,mention
JointMath,sbagley,mention
JointMath,WanderingPoint,mention
JointMath,mathyadriana,mention
JointMath,katebelin,mention
JointMath,RG1gal,mention
JointMath,FedericoArdila,mention
JointMath,sbagley,mention
JointMath,VictorPiercey1,mention
JointMath,ArisWinger,mention
JointMath,maanow,mention
JointMath,pwr2dppl,mention
JointMath,HthrLynnJ,mention
JointMath,LoboWithACause,mention
JointMath,monsoon0,mention
JointMath,mathprofcarrie,mention
JointMath,MBarany,mention
JointMath,dtkung,mention
JointMath,pwr2dppl,mention
JointMath,LoboWithACause,mention
JointMath,sbagley,mention
JointMath,JointMath,mention
JointMath,RachelleDeCoste,mention
JointMath,LoboWithACause,mention
JointMath,joshlaison,mention
JointMath,mathprofcarrie,mention
JointMath,monsoon0,mention
JointMath,dtkung,mention
JointMath,monsoon0,mention
JointMath,mathprofcarrie,mention
JointMath,sbagley,mention
JointMath,ClaudioJacobo,mention
JointMath,mathprofcarrie,mention
JointMath,pwr2dppl,mention
JointMath,WanderingPoint,mention
JointMath,MBarany,mention
JointMath,fra_berni,mention
JointMath,LoboWithACause,mention
JointMath,pwr2dppl,mention
JointMath,mathprofcarrie,mention
JointMath,sbagley,mention
JointMath,AliciaPL25,mention
JointMath,FedericoArdila,mention
JointMath,mathyadriana,mention
JointMath,LoboWithACause,mention
JointMath,CKalinecCraig,mention
JointMath,mathyadriana,mention
JointMath,diazlopezmath,mention
JointMath,mathprofcarrie,mention
JointMath,xl772,mention
JointMath,pwr2dppl,mention
JointMath,LoboWithACause,mention
JointMath,WanderingPoint,mention
JointMath,RachelleDeCoste,mention
JointMath,LoboWithACause,mention
JointMath,UNMLoboMBB,mention
JointMath,Shelby_M_Scott,mention
JointMath,Shelby_M_Scott,mention
JointMath,qubeshub,mention
JointMath,mathprofcarrie,mention
JointMath,sbagley,mention
JointMath,JointMath,mention
JointMath,mathyadriana,mention
JointMath,LoboWithACause,mention
JointMath,KristinePelatt,mention
JointMath,pwr2dppl,mention
JointMath,darrenglass,mention
JointMath,mathprofcarrie,mention
JointMath,LoboWithACause,mention
JointMath,monsoon0,mention
JointMath,LoboWithACause,mention
JointMath,pwr2dppl,mention
JointMath,sbagley,mention
JointMath,sbagley,mention
JointMath,thewordninja_bk,mention
JointMath,JointMath,mention
JointMath,susan_dagostino,mention
JointMath,Morehouse,mention
JointMath,RachelleDeCoste,mention
JointMath,sbagley,mention
JointMath,sbagley,mention
JointMath,nancyekress,mention
JointMath,mathprofcarrie,mention
JointMath,mathyadriana,mention
JointMath,thewordninja_bk,mention
JointMath,pwr2dppl,mention
JointMath,JointMath,mention
JointMath,LoboWithACause,mention
JointMath,blkmathmagic,mention
JointMath,mathprofcarrie,mention
JointMath,mathprofcarrie,mention
JointMath,MarissaKawehi,mention
JointMath,mathprofcarrie,mention
JointMath,LoboWithACause,mention
JointMath,elizabethmunch,mention
JointMath,JointMath,mention
JointMath,monsoon0,mention
JointMath,pwr2dppl,mention
JointMath,swirlgirl31415,mention
JointMath,dtkung,mention
JointMath,maanow,mention
JointMath,sbagley,mention
JointMath,sbagley,mention
JointMath,WanderingPoint,mention
JointMath,FedericoArdila,mention
JointMath,JointMath,mention
JointMath,mayli,mention
JointMath,duanecoop,mention
JointMath,priyam886,mention
JointMath,HaydeeLindo,mention
JointMath,ErikaTCamacho,mention
JointMath,mayli,mention
JointMath,mathprofcarrie,mention
JointMath,mathyadriana,mention
JointMath,HthrLynnJ,mention
JointMath,LoboWithACause,mention
JointMath,DingleTeach,mention
JointMath,mathprofcarrie,mention
JointMath,mathprofcarrie,mention
JointMath,mathprofcarrie,mention
JointMath,fra_berni,mention
JointMath,PamHarris1128,mention
JointMath,sbagley,mention
JointMath,mathprofcarrie,mention
JointMath,monsoon0,mention
JointMath,VictorPiercey1,mention
JointMath,kenandoesmath,mention
JointMath,pwr2dppl,mention
JointMath,LoboWithACause,mention
JointMath,mathyadriana,mention
JointMath,mathprofcarrie,mention
JointMath,LoboWithACause,mention
JointMath,mathprofcarrie,mention
JointMath,sbagley,mention
JointMath,nancyekress,mention
JointMath,JointMath,mention
JointMath,mathprofcarrie,mention
JointMath,sbagley,mention
JointMath,JointMath,mention
JointMath,sbagley,mention
JointMath,kenandoesmath,mention
JointMath,ClaudioJacobo,mention
JointMath,sbagley,mention
JointMath,DrMRLD,mention
JointMath,xanderfaber,mention
JookieTookie,RG1gal,retweet
JookieTookie,RG1gal,mention
joshlaison,sbagley,reply
joshlaison,mathyadriana,retweet
joshlaison,sbagley,retweet
joshlaison,mathyadriana,mention
joshlaison,LoboWithACause,mention
joshlaison,sbagley,mention
joshlaison,JointMath,mention
joshlaison,sbagley,mention
joshlaison,WanderingPoint,mention
joshuagrochow,WanderingPoint,retweet
joshuagrochow,WanderingPoint,mention
joshuazucker,benjamindickman,reply
joshuazucker,benjamindickman,mention
joshuazucker,blkmathmagic,mention
jrlookingbill,mathprofcarrie,retweet
jrlookingbill,mathprofcarrie,mention
jrlookingbill,jmm2021,mention
JustJules2,sbagley,retweet
JustJules2,sbagley,retweet
JustJules2,sbagley,mention
JustJules2,thewordninja_bk,mention
JustJules2,JointMath,mention
JustJules2,sbagley,mention
JustJules2,JointMath,mention
KamerynJW,WanderingPoint,retweet
KamerynJW,WanderingPoint,mention
karikokka,RG1gal,retweet
karikokka,RG1gal,mention
karin_leiderman,mathprofcarrie,retweet
karin_leiderman,mathprofcarrie,mention
karin_leiderman,jmm2021,mention
katebelin,RG1gal,mention
katebelin,FedericoArdila,mention
katebelin,ArisWinger,mention
katemath,sbagley,retweet
katemath,DrMRLD,retweet
katemath,WanderingPoint,retweet
katemath,sbagley,mention
katemath,DrMRLD,mention
katemath,washcoll,mention
katemath,WanderingPoint,mention
kay314159,pwr2dppl,retweet
kay314159,mathprofcarrie,retweet
kay314159,WanderingPoint,retweet
kay314159,pwr2dppl,mention
kay314159,mathprofcarrie,mention
kay314159,jmm2021,mention
kay314159,WanderingPoint,mention
kellyyyruth,mathprofcarrie,retweet
kellyyyruth,mathprofcarrie,mention
kellyyyruth,jmm2021,mention
kim_yoak,mathprofcarrie,retweet
kim_yoak,mathprofcarrie,mention
kim_yoak,jmm2021,mention
KJMDPhD,LoboWithACause,retweet
KJMDPhD,WanderingPoint,quote-tweet
KJMDPhD,LoboWithACause,mention
kmkinnaird,pwr2dppl,retweet
kmkinnaird,mathprofcarrie,retweet
kmkinnaird,MattBoelkins,retweet
kmkinnaird,WanderingPoint,retweet
kmkinnaird,MattBoelkins,retweet
kmkinnaird,qsideinstitute,retweet
kmkinnaird,WanderingPoint,retweet
kmkinnaird,sbagley,retweet
kmkinnaird,matthematician,retweet
kmkinnaird,sbagley,retweet
kmkinnaird,sbagley,retweet
kmkinnaird,DrMRLD,retweet
kmkinnaird,MBarany,retweet
kmkinnaird,sbagley,retweet
kmkinnaird,sbagley,retweet
kmkinnaird,VictorPiercey1,retweet
kmkinnaird,JSEllenberg,quote-tweet
kmkinnaird,pwr2dppl,mention
kmkinnaird,mathprofcarrie,mention
kmkinnaird,MattBoelkins,mention
kmkinnaird,thewordninja_bk,mention
kmkinnaird,WanderingPoint,mention
kmkinnaird,MattBoelkins,mention
kmkinnaird,thewordninja_bk,mention
kmkinnaird,qsideinstitute,mention
kmkinnaird,JointMath,mention
kmkinnaird,WanderingPoint,mention
kmkinnaird,sbagley,mention
kmkinnaird,nancyekress,mention
kmkinnaird,JointMath,mention
kmkinnaird,matthematician,mention
kmkinnaird,sbagley,mention
kmkinnaird,sbagley,mention
kmkinnaird,WanderingPoint,mention
kmkinnaird,DrMRLD,mention
kmkinnaird,MBarany,mention
kmkinnaird,sbagley,mention
kmkinnaird,sbagley,mention
kmkinnaird,VictorPiercey1,mention
kneppkatt,MarissaKawehi,reply
kneppkatt,MarissaKawehi,retweet
kneppkatt,MarissaKawehi,mention
kneppkatt,MarissaKawehi,mention
KristinePelatt,WanderingPoint,quote-tweet
KristinLauter,WanderingPoint,retweet
KristinLauter,WanderingPoint,mention
KristinLauter,mathyadriana,mention
Laelia_Ve,arretsurimages,mention
LauraVHawkins,siwelwerd,retweet
LauraVHawkins,benjamindickman,retweet
LauraVHawkins,siwelwerd,mention
LauraVHawkins,benjamindickman,mention
libbyk_,MarissaKawehi,retweet
libbyk_,MarissaKawehi,mention
LisaSkultety,WanderingPoint,retweet
LisaSkultety,WanderingPoint,mention
LoboWithACause,LoboWithACause,reply
LoboWithACause,LoboWithACause,reply
LoboWithACause,pwr2dppl,reply
LoboWithACause,LoboWithACause,reply
LoboWithACause,LoboWithACause,reply
LoboWithACause,LoboWithACause,reply
LoboWithACause,LoboWithACause,reply
LoboWithACause,LoboWithACause,reply
LoboWithACause,LoboWithACause,reply
LoboWithACause,LoboWithACause,reply
LoboWithACause,mathprofcarrie,retweet
LoboWithACause,pwr2dppl,retweet
LoboWithACause,MattBoelkins,retweet
LoboWithACause,VictorPiercey1,retweet
LoboWithACause,sbagley,retweet
LoboWithACause,WanderingPoint,retweet
LoboWithACause,blkmathmagic,retweet
LoboWithACause,belladoesmath,retweet
LoboWithACause,sbagley,retweet
LoboWithACause,pwr2dppl,retweet
LoboWithACause,mathprofcarrie,retweet
LoboWithACause,pwr2dppl,retweet
LoboWithACause,VictorPiercey1,retweet
LoboWithACause,RG1gal,retweet
LoboWithACause,sbagley,retweet
LoboWithACause,frontLahn,retweet
LoboWithACause,VictorPiercey1,retweet
LoboWithACause,matthematician,retweet
LoboWithACause,ClaudioJacobo,retweet
LoboWithACause,mathillustrated,retweet
LoboWithACause,DrMRLD,retweet
LoboWithACause,mathprofcarrie,retweet
LoboWithACause,belladoesmath,retweet
LoboWithACause,MarissaKawehi,retweet
LoboWithACause,evainfeld,retweet
LoboWithACause,ClaudioJacobo,retweet
LoboWithACause,VictorPiercey1,retweet
LoboWithACause,VictorPiercey1,retweet
LoboWithACause,mathprofcarrie,retweet
LoboWithACause,pwr2dppl,retweet
LoboWithACause,KJMDPhD,retweet
LoboWithACause,WanderingPoint,retweet
LoboWithACause,xl772,quote-tweet
LoboWithACause,mathprofcarrie,quote-tweet
LoboWithACause,MarissaKawehi,quote-tweet
LoboWithACause,loumatthewslive,quote-tweet
LoboWithACause,DrBrandyMath,quote-tweet
LoboWithACause,LoboWithACause,quote-tweet
LoboWithACause,mathprofcarrie,quote-tweet
LoboWithACause,pwr2dppl,quote-tweet
LoboWithACause,amermathsoc,quote-tweet
LoboWithACause,blkmathmagic,quote-tweet
LoboWithACause,WanderingPoint,quote-tweet
LoboWithACause,itatiVCS,quote-tweet
LoboWithACause,mathprofcarrie,mention
LoboWithACause,pwr2dppl,mention
LoboWithACause,pwr2dppl,mention
LoboWithACause,SoledadVillar5,mention
LoboWithACause,mathyadriana,mention
LoboWithACause,diazlopezmath,mention
LoboWithACause,mathprofcarrie,mention
LoboWithACause,xl772,mention
LoboWithACause,LoboWithACause,mention
LoboWithACause,WanderingPoint,mention
LoboWithACause,RachelleDeCoste,mention
LoboWithACause,MattBoelkins,mention
LoboWithACause,thewordninja_bk,mention
LoboWithACause,VictorPiercey1,mention
LoboWithACause,sbagley,mention
LoboWithACause,WanderingPoint,mention
LoboWithACause,blkmathmagic,mention
LoboWithACause,mathprofcarrie,mention
LoboWithACause,sbagley,mention
LoboWithACause,pwr2dppl,mention
LoboWithACause,mathprofcarrie,mention
LoboWithACause,jmm2021,mention
LoboWithACause,pwr2dppl,mention
LoboWithACause,VictorPiercey1,mention
LoboWithACause,ArisWinger,mention
LoboWithACause,maanow,mention
LoboWithACause,RG1gal,mention
LoboWithACause,sbagley,mention
LoboWithACause,kenandoesmath,mention
LoboWithACause,frontLahn,mention
LoboWithACause,VictorPiercey1,mention
LoboWithACause,kenandoesmath,mention
LoboWithACause,pwr2dppl,mention
LoboWithACause,matthematician,mention
LoboWithACause,ClaudioJacobo,mention
LoboWithACause,mathillustrated,mention
LoboWithACause,DrMRLD,mention
LoboWithACause,NMPinonCoffee,mention
LoboWithACause,mathprofcarrie,mention
LoboWithACause,pwr2dppl,mention
LoboWithACause,MarissaKawehi,mention
LoboWithACause,blkmathmagic,mention
LoboWithACause,xl772,mention
LoboWithACause,mathprofcarrie,mention
LoboWithACause,FedericoArdila,mention
LoboWithACause,priyam886,mention
LoboWithACause,UNMLoboMBB,mention
LoboWithACause,MarissaKawehi,mention
LoboWithACause,evainfeld,mention
LoboWithACause,ClaudioJacobo,mention
LoboWithACause,mathprofcarrie,mention
LoboWithACause,VictorPiercey1,mention
LoboWithACause,VictorPiercey1,mention
LoboWithACause,mathprofcarrie,mention
LoboWithACause,pwr2dppl,mention
LoboWithACause,xl772,mention
LoboWithACause,ash_wee_k,mention
LoboWithACause,KyJmd,mention
LoboWithACause,WanderingPoint,mention
logicians,LoboWithACause,retweet
logicians,KJMDPhD,retweet
logicians,mathillustrated,retweet
logicians,WanderingPoint,retweet
logicians,LoboWithACause,mention
logicians,KyJmd,mention
logicians,mathillustrated,mention
logicians,WanderingPoint,mention
LogPhilosophica,WanderingPoint,retweet
LogPhilosophica,WanderingPoint,mention
loumatthewslive,benjamindickman,retweet
loumatthewslive,benjamindickman,mention
MaggitaCampos,joshlaison,retweet
MaggitaCampos,joshlaison,mention
mahrudsay,pwr2dppl,retweet
mahrudsay,pwr2dppl,mention
mahrudsay,amermathsoc,mention
malagonmath,mathprofcarrie,retweet
malagonmath,mathprofcarrie,mention
MaliciousNoise,WanderingPoint,retweet
MaliciousNoise,WanderingPoint,mention
MaraStone2016,mathprofcarrie,retweet
MaraStone2016,mathprofcarrie,mention
MaraStone2016,jmm2021,mention
mariss_spear7,monsoon0,retweet
mariss_spear7,monsoon0,mention
MarissaKawehi,blkmathmagic,reply
MarissaKawehi,pwr2dppl,reply
MarissaKawehi,priyam886,reply
MarissaKawehi,matthematician,retweet
MarissaKawehi,WanderingPoint,retweet
MarissaKawehi,frontLahn,retweet
MarissaKawehi,pwr2dppl,retweet
MarissaKawehi,RG1gal,retweet
MarissaKawehi,pwr2dppl,retweet
MarissaKawehi,mathprofcarrie,retweet
MarissaKawehi,mathcourtney,retweet
MarissaKawehi,fra_berni,retweet
MarissaKawehi,WanderingPoint,quote-tweet
MarissaKawehi,WanderingPoint,quote-tweet
MarissaKawehi,jacksonfulton2,quote-tweet
MarissaKawehi,ash_wee_k,quote-tweet
MarissaKawehi,matthematician,mention
MarissaKawehi,WanderingPoint,mention
MarissaKawehi,frontLahn,mention
MarissaKawehi,pwr2dppl,mention
MarissaKawehi,blkmathmagic,mention
MarissaKawehi,RG1gal,mention
MarissaKawehi,mathyadriana,mention
MarissaKawehi,monsoon0,mention
MarissaKawehi,thewordninja_bk,mention
MarissaKawehi,pwr2dppl,mention
MarissaKawehi,fra_berni,mention
MarissaKawehi,LoboWithACause,mention
MarissaKawehi,pwr2dppl,mention
MarissaKawehi,mathprofcarrie,mention
MarissaKawehi,jmm2021,mention
MarissaKawehi,mathcourtney,mention
MarissaKawehi,HZinnbrooks,mention
MarissaKawehi,fra_berni,mention
MarissaKawehi,PamHarris1128,mention
MarissaKawehi,blkmathmagic,mention
MarissaKawehi,blkmathmagic,mention
MarissaKawehi,priyam886,mention
MarissaKawehi,pwr2dppl,mention
MarissaKawehi,LoboWithACause,mention
MarissaKawehi,xl772,mention
MarissaKawehi,mathprofcarrie,mention
MarissaKawehi,FedericoArdila,mention
MarissaKawehi,pwr2dppl,mention
MarissaKawehi,LoboWithACause,mention
MarissaKawehi,blkmathmagic,mention
MarissaKawehi,xl772,mention
MarissaKawehi,mathprofcarrie,mention
MarissaKawehi,FedericoArdila,mention
MarissaKawehi,priyam886,mention
MarissaKawehi,priyam886,mention
MarissaKawehi,pwr2dppl,mention
MarissaKawehi,LoboWithACause,mention
MarissaKawehi,blkmathmagic,mention
MarissaKawehi,xl772,mention
MarissaKawehi,mathprofcarrie,mention
MarissaKawehi,FedericoArdila,mention
Marki_MD,WanderingPoint,retweet
Marki_MD,WanderingPoint,mention
maryepilgrim,mathprofcarrie,reply
maryepilgrim,mathprofcarrie,reply
maryepilgrim,sbagley,reply
maryepilgrim,VictorPiercey1,reply
maryepilgrim,sbagley,reply
maryepilgrim,mathprofcarrie,retweet
maryepilgrim,sbagley,retweet
maryepilgrim,sbagley,retweet
maryepilgrim,VictorPiercey1,retweet
maryepilgrim,qsideinstitute,retweet
maryepilgrim,mathprofcarrie,retweet
maryepilgrim,mathyadriana,retweet
maryepilgrim,mathprofcarrie,mention
maryepilgrim,VictorPiercey1,mention
maryepilgrim,sbagley,mention
maryepilgrim,thewordninja_bk,mention
maryepilgrim,mathprofcarrie,mention
maryepilgrim,sbagley,mention
maryepilgrim,kenandoesmath,mention
maryepilgrim,sbagley,mention
maryepilgrim,VictorPiercey1,mention
maryepilgrim,qsideinstitute,mention
maryepilgrim,JointMath,mention
maryepilgrim,mathprofcarrie,mention
maryepilgrim,mathyadriana,mention
maryepilgrim,LoboWithACause,mention
maryepilgrim,mathprofcarrie,mention
maryepilgrim,VictorPiercey1,mention
maryepilgrim,sbagley,mention
maryepilgrim,thewordninja_bk,mention
maryepilgrim,sbagley,mention
maryepilgrim,VictorPiercey1,mention
maryepilgrim,sbagley,mention
MathAndCobb,GoodsiePhD,retweet
MathAndCobb,GoodsiePhD,mention
MathAndCobb,jmm2021,mention
mathcourtney,mathprofcarrie,retweet
mathcourtney,mathprofcarrie,mention
mathcourtney,HZinnbrooks,mention
MathDeptUTK,mathprofcarrie,retweet
MathDeptUTK,mathprofcarrie,mention
MathDeptUTK,jmm2021,mention
mathdr91,pwr2dppl,retweet
mathdr91,pwr2dppl,mention
mathemactivist,pwr2dppl,retweet
mathemactivist,pwr2dppl,mention
mathematigal,ClaudioJacobo,retweet
mathematigal,ClaudioJacobo,mention
mathhombre,dtkung,retweet
mathhombre,dtkung,mention
mathillustrated,blviray,retweet
mathillustrated,mathprofcarrie,retweet
mathillustrated,sbagley,retweet
mathillustrated,ClaudioJacobo,retweet
mathillustrated,WanderingPoint,retweet
mathillustrated,matthematician,retweet
mathillustrated,VictorPiercey1,retweet
mathillustrated,mathprofcarrie,retweet
mathillustrated,sbagley,retweet
mathillustrated,NCTM,quote-tweet
mathillustrated,robertqberry,quote-tweet
mathillustrated,pwr2dppl,quote-tweet
mathillustrated,blviray,mention
mathillustrated,pwr2dppl,mention
mathillustrated,WanderingPoint,mention
mathillustrated,mathprofcarrie,mention
mathillustrated,jmm2021,mention
mathillustrated,sbagley,mention
mathillustrated,JointMath,mention
mathillustrated,timchartier,mention
mathillustrated,swirlgirl31415,mention
mathillustrated,pwr2dppl,mention
mathillustrated,thewordninja_bk,mention
mathillustrated,mathyawp,mention
mathillustrated,AmstatNews,mention
mathillustrated,maanow,mention
mathillustrated,amermathsoc,mention
mathillustrated,ClaudioJacobo,mention
mathillustrated,mathprofcarrie,mention
mathillustrated,WanderingPoint,mention
mathillustrated,matthematician,mention
mathillustrated,VictorPiercey1,mention
mathillustrated,mathprofcarrie,mention
mathillustrated,BikeMath,mention
mathillustrated,pwr2dppl,mention
mathillustrated,thewordninja_bk,mention
mathillustrated,sbagley,mention
mathillustrated,nancyekress,mention
MathmoClaire,WanderingPoint,retweet
MathmoClaire,WanderingPoint,mention
mathmodeling,katebelin,retweet
mathmodeling,mathprofcarrie,retweet
mathmodeling,katebelin,mention
mathmodeling,RG1gal,mention
mathmodeling,FedericoArdila,mention
mathmodeling,mathprofcarrie,mention
mathprofcarrie,vanessaarceliaa,reply
mathprofcarrie,KristinePelatt,reply
mathprofcarrie,mathprofcarrie,reply
mathprofcarrie,fra_berni,reply
mathprofcarrie,mathprofcarrie,reply
mathprofcarrie,mathprofcarrie,reply
mathprofcarrie,mathyadriana,reply
mathprofcarrie,MitchKeller,reply
mathprofcarrie,RG1gal,reply
mathprofcarrie,maryepilgrim,reply
mathprofcarrie,mathprofcarrie,reply
mathprofcarrie,MarissaKawehi,reply
mathprofcarrie,blviray,reply
mathprofcarrie,mathprofcarrie,reply
mathprofcarrie,complainerstore,reply
mathprofcarrie,xl772,reply
mathprofcarrie,VictorPiercey1,reply
mathprofcarrie,ArcheyDawn,reply
mathprofcarrie,WanderingPoint,reply
mathprofcarrie,pwr2dppl,reply
mathprofcarrie,pwr2dppl,reply
mathprofcarrie,BikeMath,reply
mathprofcarrie,sophgermain,reply
mathprofcarrie,mathprofcarrie,reply
mathprofcarrie,monsoon0,reply
mathprofcarrie,maryepilgrim,reply
mathprofcarrie,mathprofcarrie,reply
mathprofcarrie,pwr2dppl,reply
mathprofcarrie,VictorPiercey1,reply
mathprofcarrie,mathprofcarrie,reply
mathprofcarrie,Sam71244027,reply
mathprofcarrie,blviray,retweet
mathprofcarrie,kneppkatt,retweet
mathprofcarrie,WanderingPoint,retweet
mathprofcarrie,diazlopezmath,retweet
mathprofcarrie,matthematician,retweet
mathprofcarrie,monsoon0,retweet
mathprofcarrie,matthematician,retweet
mathprofcarrie,xl772,retweet
mathprofcarrie,pwr2dppl,retweet
mathprofcarrie,BresockCalculus,retweet
mathprofcarrie,KJMDPhD,retweet
mathprofcarrie,sbagley,retweet
mathprofcarrie,Shelby_M_Scott,retweet
mathprofcarrie,sbagley,retweet
mathprofcarrie,FedericoArdila,retweet
mathprofcarrie,monsoon0,retweet
mathprofcarrie,pwr2dppl,retweet
mathprofcarrie,mathyadriana,retweet
mathprofcarrie,susan_dagostino,retweet
mathprofcarrie,katebelin,retweet
mathprofcarrie,HthrLynnJ,retweet
mathprofcarrie,sbagley,retweet
mathprofcarrie,MarissaKawehi,retweet
mathprofcarrie,pwr2dppl,retweet
mathprofcarrie,RachelleDeCoste,retweet
mathprofcarrie,pwr2dppl,retweet
mathprofcarrie,RG1gal,retweet
mathprofcarrie,pwr2dppl,retweet
mathprofcarrie,thewordninja_bk,retweet
mathprofcarrie,WanderingPoint,retweet
mathprofcarrie,virtualcourtney,retweet
mathprofcarrie,LoboWithACause,retweet
mathprofcarrie,fra_berni,retweet
mathprofcarrie,DrMRLD,retweet
mathprofcarrie,sbagley,retweet
mathprofcarrie,pwr2dppl,retweet
mathprofcarrie,blkmathmagic,retweet
mathprofcarrie,saracharala,retweet
mathprofcarrie,mathyadriana,retweet
mathprofcarrie,sbagley,retweet
mathprofcarrie,belladoesmath,retweet
mathprofcarrie,DrMRLD,retweet
mathprofcarrie,DrHenryGarrett,retweet
mathprofcarrie,benjamindickman,retweet
mathprofcarrie,MarissaKawehi,retweet
mathprofcarrie,sbagley,retweet
mathprofcarrie,fra_berni,retweet
mathprofcarrie,belladoesmath,retweet
mathprofcarrie,pwr2dppl,retweet
mathprofcarrie,VictorPiercey1,retweet
mathprofcarrie,monsoon0,retweet
mathprofcarrie,sbagley,retweet
mathprofcarrie,sbagley,retweet
mathprofcarrie,ClaudioJacobo,retweet
mathprofcarrie,MBarany,retweet
mathprofcarrie,jensilvermath,retweet
mathprofcarrie,HthrLynnJ,retweet
mathprofcarrie,pwr2dppl,retweet
mathprofcarrie,fra_berni,retweet
mathprofcarrie,sbagley,retweet
mathprofcarrie,sbagley,retweet
mathprofcarrie,pwr2dppl,retweet
mathprofcarrie,frontLahn,retweet
mathprofcarrie,VictorPiercey1,retweet
mathprofcarrie,MattBoelkins,retweet
mathprofcarrie,blkmathmagic,retweet
mathprofcarrie,mathprofcarrie,retweet
mathprofcarrie,mathillustrated,retweet
mathprofcarrie,CKalinecCraig,retweet
mathprofcarrie,mathillustrated,retweet
mathprofcarrie,mathyadriana,retweet
mathprofcarrie,sbagley,retweet
mathprofcarrie,sbagley,retweet
mathprofcarrie,WanderingPoint,retweet
mathprofcarrie,darrenglass,retweet
mathprofcarrie,sbagley,retweet
mathprofcarrie,sbagley,retweet
mathprofcarrie,siwelwerd,retweet
mathprofcarrie,sbagley,retweet
mathprofcarrie,AliciaPL25,quote-tweet
mathprofcarrie,mathprofcarrie,quote-tweet
mathprofcarrie,evainfeld,quote-tweet
mathprofcarrie,HirokiSayama,quote-tweet
mathprofcarrie,RachelleDeCoste,quote-tweet
mathprofcarrie,sbagley,quote-tweet
mathprofcarrie,blviray,mention
mathprofcarrie,pwr2dppl,mention
mathprofcarrie,WanderingPoint,mention
mathprofcarrie,kneppkatt,mention
mathprofcarrie,MarissaKawehi,mention
mathprofcarrie,WanderingPoint,mention
mathprofcarrie,diazlopezmath,mention
mathprofcarrie,matthematician,mention
mathprofcarrie,monsoon0,mention
mathprofcarrie,matthematician,mention
mathprofcarrie,vanessaarceliaa,mention
mathprofcarrie,pwr2dppl,mention
mathprofcarrie,xl772,mention
mathprofcarrie,KristinePelatt,mention
mathprofcarrie,fra_berni,mention
mathprofcarrie,WanderingPoint,mention
mathprofcarrie,pwr2dppl,mention
mathprofcarrie,FedericoArdila,mention
mathprofcarrie,LoboWithACause,mention
mathprofcarrie,ClaudioJacobo,mention
mathprofcarrie,blkmathmagic,mention
mathprofcarrie,xl772,mention
mathprofcarrie,pwr2dppl,mention
mathprofcarrie,BresockCalculus,mention
mathprofcarrie,KyJmd,mention
mathprofcarrie,sbagley,mention
mathprofcarrie,Shelby_M_Scott,mention
mathprofcarrie,sbagley,mention
mathprofcarrie,JointMath,mention
mathprofcarrie,FedericoArdila,mention
mathprofcarrie,JointMath,mention
mathprofcarrie,mayli,mention
mathprofcarrie,duanecoop,mention
mathprofcarrie,priyam886,mention
mathprofcarrie,HaydeeLindo,mention
mathprofcarrie,ErikaTCamacho,mention
mathprofcarrie,mayli,mention
mathprofcarrie,mathyadriana,mention
mathprofcarrie,MitchKeller,mention
mathprofcarrie,sbagley,mention
mathprofcarrie,maryepilgrim,mention
mathprofcarrie,monsoon0,mention
mathprofcarrie,pwr2dppl,mention
mathprofcarrie,pwr2dppl,mention
mathprofcarrie,mathyadriana,mention
mathprofcarrie,LoboWithACause,mention
mathprofcarrie,RG1gal,mention
mathprofcarrie,susan_dagostino,mention
mathprofcarrie,Morehouse,mention
mathprofcarrie,katebelin,mention
mathprofcarrie,RG1gal,mention
mathprofcarrie,FedericoArdila,mention
mathprofcarrie,HthrLynnJ,mention
mathprofcarrie,LoboWithACause,mention
mathprofcarrie,DingleTeach,mention
mathprofcarrie,sbagley,mention
mathprofcarrie,LoboWithACause,mention
mathprofcarrie,MarissaKawehi,mention
mathprofcarrie,maryepilgrim,mention
mathprofcarrie,VictorPiercey1,mention
mathprofcarrie,sbagley,mention
mathprofcarrie,thewordninja_bk,mention
mathprofcarrie,pwr2dppl,mention
mathprofcarrie,LoboWithACause,mention
mathprofcarrie,RachelleDeCoste,mention
mathprofcarrie,LoboWithACause,mention
mathprofcarrie,pwr2dppl,mention
mathprofcarrie,LoboWithACause,mention
mathprofcarrie,LoboWithACause,mention
mathprofcarrie,RG1gal,mention
mathprofcarrie,pwr2dppl,mention
mathprofcarrie,mathyadriana,mention
mathprofcarrie,thewordninja_bk,mention
mathprofcarrie,pwr2dppl,mention
mathprofcarrie,JointMath,mention
mathprofcarrie,LoboWithACause,mention
mathprofcarrie,JointMath,mention
mathprofcarrie,mathyadriana,mention
mathprofcarrie,thewordninja_bk,mention
mathprofcarrie,MarissaKawehi,mention
mathprofcarrie,blviray,mention
mathprofcarrie,mathillustrated,mention
mathprofcarrie,pwr2dppl,mention
mathprofcarrie,WanderingPoint,mention
mathprofcarrie,FedericoArdila,mention
mathprofcarrie,WanderingPoint,mention
mathprofcarrie,virtualcourtney,mention
mathprofcarrie,LoboWithACause,mention
mathprofcarrie,fra_berni,mention
mathprofcarrie,PamHarris1128,mention
mathprofcarrie,jmm2021,mention
mathprofcarrie,DrMRLD,mention
mathprofcarrie,sbagley,mention
mathprofcarrie,pwr2dppl,mention
mathprofcarrie,blkmathmagic,mention
mathprofcarrie,vanessaarceliaa,mention
mathprofcarrie,saracharala,mention
mathprofcarrie,mathyadriana,mention
mathprofcarrie,LoboWithACause,mention
mathprofcarrie,sbagley,mention
mathprofcarrie,DrMRLD,mention
mathprofcarrie,DrHenryGarrett,mention
mathprofcarrie,benjamindickman,mention
mathprofcarrie,MarissaKawehi,mention
mathprofcarrie,sbagley,mention
mathprofcarrie,fra_berni,mention
mathprofcarrie,PamHarris1128,mention
mathprofcarrie,AlexYarosh,mention
mathprofcarrie,pwr2dppl,mention
mathprofcarrie,VictorPiercey1,mention
mathprofcarrie,monsoon0,mention
mathprofcarrie,mathprofcarrie,mention
mathprofcarrie,xl772,mention
mathprofcarrie,pwr2dppl,mention
mathprofcarrie,sbagley,mention
mathprofcarrie,sbagley,mention
mathprofcarrie,ClaudioJacobo,mention
mathprofcarrie,mathprofcarrie,mention
mathprofcarrie,VictorPiercey1,mention
mathprofcarrie,ArcheyDawn,mention
mathprofcarrie,mathyadriana,mention
mathprofcarrie,diazlopezmath,mention
mathprofcarrie,xl772,mention
mathprofcarrie,pwr2dppl,mention
mathprofcarrie,LoboWithACause,mention
mathprofcarrie,WanderingPoint,mention
mathprofcarrie,RachelleDeCoste,mention
mathprofcarrie,WanderingPoint,mention
mathprofcarrie,xl772,mention
mathprofcarrie,pwr2dppl,mention
mathprofcarrie,xl772,mention
mathprofcarrie,MBarany,mention
mathprofcarrie,dtkung,mention
mathprofcarrie,pwr2dppl,mention
mathprofcarrie,jensilvermath,mention
mathprofcarrie,kellydholstine,mention
mathprofcarrie,YouTube,mention
mathprofcarrie,HthrLynnJ,mention
mathprofcarrie,LoboWithACause,mention
mathprofcarrie,pwr2dppl,mention
mathprofcarrie,SoledadVillar5,mention
mathprofcarrie,mathyadriana,mention
mathprofcarrie,diazlopezmath,mention
mathprofcarrie,mathprofcarrie,mention
mathprofcarrie,xl772,mention
mathprofcarrie,LoboWithACause,mention
mathprofcarrie,WanderingPoint,mention
mathprofcarrie,RachelleDeCoste,mention
mathprofcarrie,fra_berni,mention
mathprofcarrie,LoboWithACause,mention
mathprofcarrie,pwr2dppl,mention
mathprofcarrie,sbagley,mention
mathprofcarrie,nancyekress,mention
mathprofcarrie,xl772,mention
mathprofcarrie,JointMath,mention
mathprofcarrie,pwr2dppl,mention
mathprofcarrie,BikeMath,mention
mathprofcarrie,thewordninja_bk,mention
mathprofcarrie,sbagley,mention
mathprofcarrie,pwr2dppl,mention
mathprofcarrie,frontLahn,mention
mathprofcarrie,VictorPiercey1,mention
mathprofcarrie,ArisWinger,mention
mathprofcarrie,maanow,mention
mathprofcarrie,MattBoelkins,mention
mathprofcarrie,thewordninja_bk,mention
mathprofcarrie,LoboWithACause,mention
mathprofcarrie,mathyadriana,mention
mathprofcarrie,kenandoesmath,mention
mathprofcarrie,VictorPiercey1,mention
mathprofcarrie,blkmathmagic,mention
mathprofcarrie,pwr2dppl,mention
mathprofcarrie,mathprofcarrie,mention
mathprofcarrie,BikeMath,mention
mathprofcarrie,pwr2dppl,mention
mathprofcarrie,thewordninja_bk,mention
mathprofcarrie,mathillustrated,mention
mathprofcarrie,timchartier,mention
mathprofcarrie,CKalinecCraig,mention
mathprofcarrie,mathillustrated,mention
mathprofcarrie,mathyadriana,mention
mathprofcarrie,mathprofcarrie,mention
mathprofcarrie,LoboWithACause,mention
mathprofcarrie,sbagley,mention
mathprofcarrie,kenandoesmath,mention
mathprofcarrie,sophgermain,mention
mathprofcarrie,davidwees,mention
mathprofcarrie,DingleTeach,mention
mathprofcarrie,Sam71244027,mention
mathprofcarrie,pwr2dppl,mention
mathprofcarrie,sbagley,mention
mathprofcarrie,WanderingPoint,mention
mathprofcarrie,darrenglass,mention
mathprofcarrie,sbagley,mention
mathprofcarrie,sbagley,mention
mathprofcarrie,amermathsoc,mention
mathprofcarrie,JointMath,mention
mathprofcarrie,siwelwerd,mention
mathprofcarrie,sbagley,mention
mathprofcarrie,monsoon0,mention
mathprofcarrie,maryepilgrim,mention
mathprofcarrie,VictorPiercey1,mention
mathprofcarrie,VictorPiercey1,mention
mathprofcarrie,pwr2dppl,mention
mathprofcarrie,FedericoArdila,mention
mathprofcarrie,LoboWithACause,mention
mathprofcarrie,ClaudioJacobo,mention
mathprofcarrie,blkmathmagic,mention
mathprofcarrie,xl772,mention
mathprofcarrie,WanderingPoint,mention
mathprofcarrie,fra_berni,mention
mathprofcarrie,VictorPiercey1,mention
mathprofcarrie,fra_berni,mention
mathprofcarrie,WanderingPoint,mention
mathprofcarrie,pwr2dppl,mention
mathprofcarrie,FedericoArdila,mention
mathprofcarrie,LoboWithACause,mention
mathprofcarrie,ClaudioJacobo,mention
mathprofcarrie,blkmathmagic,mention
mathprofcarrie,xl772,mention
mathprofcarrie,Sam71244027,mention
mathprofcarrie,sophgermain,mention
mathprofcarrie,DingleTeach,mention
MathTeacherJH,RG1gal,retweet
MathTeacherJH,ClaudioJacobo,retweet
MathTeacherJH,RG1gal,mention
MathTeacherJH,ClaudioJacobo,mention
MathTeacherJH,mathprofcarrie,mention
mathvsoldage,WanderingPoint,retweet
mathvsoldage,WanderingPoint,mention
Mathy_Jessica,sbagley,retweet
Mathy_Jessica,joshlaison,retweet
Mathy_Jessica,sbagley,retweet
Mathy_Jessica,qsideinstitute,retweet
Mathy_Jessica,sbagley,mention
Mathy_Jessica,JointMath,mention
Mathy_Jessica,joshlaison,mention
Mathy_Jessica,sbagley,mention
Mathy_Jessica,qsideinstitute,mention
Mathy_Jessica,JointMath,mention
mathyadriana,diazlopezmath,reply
mathyadriana,mathyadriana,reply
mathyadriana,mathyadriana,reply
mathyadriana,mathyadriana,reply
mathyadriana,pwr2dppl,retweet
mathyadriana,pwr2dppl,retweet
mathyadriana,siwelwerd,retweet
mathyadriana,WanderingPoint,retweet
mathyadriana,RG1gal,retweet
mathyadriana,LoboWithACause,retweet
mathyadriana,dtkung,retweet
mathyadriana,diazlopezmath,mention
mathyadriana,mathprofcarrie,mention
mathyadriana,xl772,mention
mathyadriana,pwr2dppl,mention
mathyadriana,LoboWithACause,mention
mathyadriana,WanderingPoint,mention
mathyadriana,RachelleDeCoste,mention
mathyadriana,mathprofcarrie,mention
mathyadriana,pwr2dppl,mention
mathyadriana,pwr2dppl,mention
mathyadriana,mathprofcarrie,mention
mathyadriana,LoboWithACause,mention
mathyadriana,pwr2dppl,mention
mathyadriana,pwr2dppl,mention
mathyadriana,siwelwerd,mention
mathyadriana,WanderingPoint,mention
mathyadriana,mathyadriana,mention
mathyadriana,RG1gal,mention
mathyadriana,LoboWithACause,mention
mathyadriana,LoboWithACause,mention
mathyadriana,LoboWithACause,mention
mathyadriana,dtkung,mention
mathyadriana,thewordninja_bk,mention
mathyawp,AliciaPL25,retweet
mathyawp,AliciaPL25,mention
mathyawp,FedericoArdila,mention
mathzorro,WanderingPoint,retweet
mathzorro,WanderingPoint,mention
matienda,RG1gal,retweet
matienda,RG1gal,mention
MattBoelkins,WanderingPoint,retweet
MattBoelkins,DrMRLD,retweet
MattBoelkins,sbagley,retweet
MattBoelkins,RG1gal,retweet
MattBoelkins,thewordninja_bk,mention
MattBoelkins,thewordninja_bk,mention
MattBoelkins,WanderingPoint,mention
MattBoelkins,DrMRLD,mention
MattBoelkins,sbagley,mention
MattBoelkins,JointMath,mention
MattBoelkins,RG1gal,mention
matthematician,matthematician,reply
matthematician,siwelwerd,retweet
matthematician,WanderingPoint,retweet
matthematician,VictorPiercey1,retweet
matthematician,WanderingPoint,quote-tweet
matthematician,ElieNYC,quote-tweet
matthematician,siwelwerd,mention
matthematician,WanderingPoint,mention
matthematician,lpachter,mention
matthematician,WanderingPoint,mention
matthematician,VictorPiercey1,mention
matthewando,WanderingPoint,quote-tweet
MBarany,mathprofcarrie,retweet
MBarany,RG1gal,retweet
MBarany,fra_berni,retweet
MBarany,benjamindickman,retweet
MBarany,WanderingPoint,retweet
MBarany,mathyadriana,retweet
MBarany,monsoon0,retweet
MBarany,MarissaKawehi,retweet
MBarany,WanderingPoint,quote-tweet
MBarany,mathprofcarrie,mention
MBarany,jmm2021,mention
MBarany,RG1gal,mention
MBarany,fra_berni,mention
MBarany,LoboWithACause,mention
MBarany,pwr2dppl,mention
MBarany,benjamindickman,mention
MBarany,WanderingPoint,mention
MBarany,WanderingPoint,mention
MBarany,mathyadriana,mention
MBarany,LoboWithACause,mention
MBarany,monsoon0,mention
MBarany,pwr2dppl,mention
MBarany,MarissaKawehi,mention
MBarany,dtkung,mention
MerGreer,mathprofcarrie,retweet
MerGreer,mathprofcarrie,mention
Methemedantics,WanderingPoint,retweet
Methemedantics,WanderingPoint,mention
Miles_Ott,DrMRLD,retweet
Miles_Ott,DrMRLD,mention
MiraWaddle,frontLahn,retweet
MiraWaddle,frontLahn,mention
MitchKeller,sbagley,reply
MitchKeller,sbagley,mention
MitchKeller,maryepilgrim,mention
mmcdermo,pwr2dppl,retweet
mmcdermo,WanderingPoint,retweet
mmcdermo,dtkung,retweet
mmcdermo,pwr2dppl,mention
mmcdermo,WanderingPoint,mention
mmcdermo,dtkung,mention
mnemognose,RG1gal,retweet
mnemognose,RG1gal,mention
Moni_deni,swirlgirl31415,retweet
Moni_deni,frontLahn,retweet
Moni_deni,WanderingPoint,retweet
Moni_deni,AliciaPL25,retweet
Moni_deni,GoodsiePhD,retweet
Moni_deni,swirlgirl31415,mention
Moni_deni,dtkung,mention
Moni_deni,maanow,mention
Moni_deni,frontLahn,mention
Moni_deni,WanderingPoint,mention
Moni_deni,AliciaPL25,mention
Moni_deni,FedericoArdila,mention
Moni_deni,GoodsiePhD,mention
Moni_deni,dtkung,mention
monsoon0,LoboWithACause,reply
monsoon0,monsoon0,reply
monsoon0,monsoon0,reply
monsoon0,mathprofcarrie,reply
monsoon0,monsoon0,reply
monsoon0,gitanjalivi,reply
monsoon0,gitanjalivi,reply
monsoon0,WanderingPoint,retweet
monsoon0,LoboWithACause,mention
monsoon0,pwr2dppl,mention
monsoon0,JointMath,mention
monsoon0,pwr2dppl,mention
monsoon0,LoboWithACause,mention
monsoon0,gitanjalivi,mention
monsoon0,LoboWithACause,mention
monsoon0,JointMath,mention
monsoon0,JointMath,mention
monsoon0,mathprofcarrie,mention
monsoon0,WanderingPoint,mention
monsoon0,pwr2dppl,mention
monsoon0,LoboWithACause,mention
monsoon0,mathprofcarrie,mention
monsoon0,DingleTeach,mention
monsoon0,LoboWithACause,mention
monsoon0,gitanjalivi,mention
monsoon0,gitanjalivi,mention
morvjn,sister_stem,retweet
morvjn,sister_stem,mention
mostnerdy,mathprofcarrie,retweet
mostnerdy,mathprofcarrie,mention
MrFink314,mathillustrated,retweet
MrFink314,mathillustrated,mention
MrFink314,timchartier,mention
MrLeiss,WanderingPoint,retweet
MrLeiss,WanderingPoint,mention
mrweathers,mathprofcarrie,retweet
mrweathers,mathprofcarrie,mention
mrweathers,jmm2021,mention
MsFnstlua,RG1gal,retweet
MsFnstlua,RG1gal,mention
mZargham,ClaudioJacobo,retweet
mZargham,ClaudioJacobo,mention
mZargham,mathprofcarrie,mention
NalinPithwa,monsoon0,retweet
NalinPithwa,monsoon0,mention
NanehApkarian,pwr2dppl,retweet
NanehApkarian,pwr2dppl,mention
nchipps,mathprofcarrie,retweet
nchipps,mathprofcarrie,mention
nchipps,jmm2021,mention
NeedhiBhalla,VictorPiercey1,retweet
NeedhiBhalla,VictorPiercey1,mention
NeedhiBhalla,ArisWinger,mention
NeedhiBhalla,maanow,mention
NepantlaTC,RG1gal,retweet
NepantlaTC,RG1gal,mention
NewBayes,mathprofcarrie,retweet
NewBayes,mathprofcarrie,mention
noellebeckman,mathprofcarrie,retweet
noellebeckman,mathprofcarrie,mention
notnotneil,MarissaKawehi,retweet
notnotneil,MarissaKawehi,mention
numberdance,WanderingPoint,retweet
numberdance,sbagley,retweet
numberdance,mathcourtney,retweet
numberdance,MarissaKawehi,retweet
numberdance,fra_berni,retweet
numberdance,WanderingPoint,mention
numberdance,sbagley,mention
numberdance,mathcourtney,mention
numberdance,HZinnbrooks,mention
numberdance,MarissaKawehi,mention
numberdance,fra_berni,mention
nwrmbing,holom0rph,retweet
nwrmbing,holom0rph,mention
nwrmbing,SwipeWright,mention
ONUMathStat,monsoon0,retweet
ONUMathStat,monsoon0,mention
OSUSocStEd,mathprofcarrie,retweet
OSUSocStEd,mathprofcarrie,mention
OSUSocStEd,jmm2021,mention
paaiiigeee,qsideinstitute,retweet
paaiiigeee,qsideinstitute,mention
paaiiigeee,JointMath,mention
PatternAvoider,VictorPiercey1,retweet
PatternAvoider,VictorPiercey1,mention
PatternAvoider,kenandoesmath,mention
PatternAvoider,pwr2dppl,mention
paultpearson,mathprofcarrie,retweet
paultpearson,dtkung,retweet
paultpearson,mathprofcarrie,mention
paultpearson,jmm2021,mention
paultpearson,dtkung,mention
PhilChodrow,qsideinstitute,retweet
PhilChodrow,qsideinstitute,mention
PhilChodrow,JointMath,mention
PoonehSabouri,RG1gal,retweet
PoonehSabouri,RG1gal,mention
priyam886,pwr2dppl,reply
priyam886,pwr2dppl,retweet
priyam886,FedericoArdila,retweet
priyam886,pwr2dppl,mention
priyam886,FedericoArdila,mention
priyam886,JointMath,mention
priyam886,mayli,mention
priyam886,duanecoop,mention
priyam886,priyam886,mention
priyam886,HaydeeLindo,mention
priyam886,ErikaTCamacho,mention
priyam886,mayli,mention
priyam886,pwr2dppl,mention
priyam886,LoboWithACause,mention
priyam886,MarissaKawehi,mention
priyam886,blkmathmagic,mention
priyam886,xl772,mention
priyam886,mathprofcarrie,mention
priyam886,FedericoArdila,mention
priyam886,blkmathmagic,mention
ProfNoodlearms,RG1gal,retweet
ProfNoodlearms,sbagley,retweet
ProfNoodlearms,WanderingPoint,retweet
ProfNoodlearms,sbagley,retweet
ProfNoodlearms,RG1gal,mention
ProfNoodlearms,sbagley,mention
ProfNoodlearms,thewordninja_bk,mention
ProfNoodlearms,JointMath,mention
ProfNoodlearms,WanderingPoint,mention
ProfNoodlearms,sbagley,mention
ptwiddle,WanderingPoint,retweet
ptwiddle,WanderingPoint,mention
pwr2dppl,pwr2dppl,reply
pwr2dppl,pwr2dppl,reply
pwr2dppl,MarissaKawehi,reply
pwr2dppl,xl772,reply
pwr2dppl,WanderingPoint,reply
pwr2dppl,SoledadVillar5,reply
pwr2dppl,BikeMath,reply
pwr2dppl,blkmathmagic,reply
pwr2dppl,WanderingPoint,reply
pwr2dppl,pwr2dppl,reply
pwr2dppl,mathprofcarrie,reply
pwr2dppl,BikeMath,reply
pwr2dppl,pwr2dppl,reply
pwr2dppl,BikeMath,reply
pwr2dppl,pwr2dppl,reply
pwr2dppl,mathprofcarrie,reply
pwr2dppl,pwr2dppl,reply
pwr2dppl,pwr2dppl,reply
pwr2dppl,BikeMath,reply
pwr2dppl,diazlopezmath,retweet
pwr2dppl,benjamindickman,retweet
pwr2dppl,mathyadriana,retweet
pwr2dppl,LoboWithACause,retweet
pwr2dppl,sbagley,retweet
pwr2dppl,sbagley,retweet
pwr2dppl,mathyadriana,retweet
pwr2dppl,blviray,retweet
pwr2dppl,LoboWithACause,retweet
pwr2dppl,VictorPiercey1,retweet
pwr2dppl,mathprofcarrie,retweet
pwr2dppl,monsoon0,retweet
pwr2dppl,sbagley,retweet
pwr2dppl,mathprofcarrie,retweet
pwr2dppl,sbagley,retweet
pwr2dppl,monsoon0,retweet
pwr2dppl,sbagley,retweet
pwr2dppl,sbagley,retweet
pwr2dppl,mathprofcarrie,retweet
pwr2dppl,AliciaPL25,retweet
pwr2dppl,mathprofcarrie,retweet
pwr2dppl,VictorPiercey1,retweet
pwr2dppl,mathillustrated,retweet
pwr2dppl,fra_berni,retweet
pwr2dppl,WanderingPoint,retweet
pwr2dppl,LoboWithACause,retweet
pwr2dppl,diazlopezmath,retweet
pwr2dppl,ClaudioJacobo,retweet
pwr2dppl,LoboWithACause,retweet
pwr2dppl,swirlgirl31415,retweet
pwr2dppl,blkmathmagic,retweet
pwr2dppl,katebelin,retweet
pwr2dppl,RachelleDeCoste,retweet
pwr2dppl,FedericoArdila,retweet
pwr2dppl,sbagley,retweet
pwr2dppl,LoboWithACause,retweet
pwr2dppl,VictorPiercey1,retweet
pwr2dppl,mathprofcarrie,retweet
pwr2dppl,LoboWithACause,retweet
pwr2dppl,belladoesmath,retweet
pwr2dppl,mathprofcarrie,retweet
pwr2dppl,MarissaKawehi,retweet
pwr2dppl,xl772,retweet
pwr2dppl,ClaudioJacobo,retweet
pwr2dppl,WanderingPoint,retweet
pwr2dppl,mathprofcarrie,retweet
pwr2dppl,LoboWithACause,retweet
pwr2dppl,katebelin,retweet
pwr2dppl,mathprofcarrie,retweet
pwr2dppl,darrenglass,retweet
pwr2dppl,sbagley,retweet
pwr2dppl,VictorPiercey1,retweet
pwr2dppl,mathillustrated,retweet
pwr2dppl,RG1gal,retweet
pwr2dppl,sbagley,retweet
pwr2dppl,frontLahn,retweet
pwr2dppl,KJMDPhD,retweet
pwr2dppl,VictorPiercey1,retweet
pwr2dppl,qsideinstitute,retweet
pwr2dppl,LoboWithACause,retweet
pwr2dppl,sbagley,retweet
pwr2dppl,siwelwerd,retweet
pwr2dppl,fra_berni,retweet
pwr2dppl,mathyadriana,retweet
pwr2dppl,LoboWithACause,retweet
pwr2dppl,Shelby_M_Scott,retweet
pwr2dppl,sbagley,retweet
pwr2dppl,JSEllenberg,quote-tweet
pwr2dppl,ash_wee_k,quote-tweet
pwr2dppl,amermathsoc,quote-tweet
pwr2dppl,WanderingPoint,quote-tweet
pwr2dppl,ash_wee_k,quote-tweet
pwr2dppl,paaiiigeee,quote-tweet
pwr2dppl,pwr2dppl,quote-tweet
pwr2dppl,CengageLearning,mention
pwr2dppl,amermathsoc,mention
pwr2dppl,thewordninja_bk,mention
pwr2dppl,mathyadriana,mention
pwr2dppl,diazlopezmath,mention
pwr2dppl,benjamindickman,mention
pwr2dppl,achambertloir,mention
pwr2dppl,XenaProject,mention
pwr2dppl,HigherGeometer,mention
pwr2dppl,mathyadriana,mention
pwr2dppl,LoboWithACause,mention
pwr2dppl,AWMmath,mention
pwr2dppl,amermathsoc,mention
pwr2dppl,sbagley,mention
pwr2dppl,nancyekress,mention
pwr2dppl,LoboWithACause,mention
pwr2dppl,WanderingPoint,mention
pwr2dppl,sbagley,mention
pwr2dppl,mathyadriana,mention
pwr2dppl,LoboWithACause,mention
pwr2dppl,amermathsoc,mention
pwr2dppl,mathyadriana,mention
pwr2dppl,thewordninja_bk,mention
pwr2dppl,mathyawp,mention
pwr2dppl,mathprofcarrie,mention
pwr2dppl,JointMath,mention
pwr2dppl,blviray,mention
pwr2dppl,pwr2dppl,mention
pwr2dppl,WanderingPoint,mention
pwr2dppl,LoboWithACause,mention
pwr2dppl,VictorPiercey1,mention
pwr2dppl,ArisWinger,mention
pwr2dppl,maanow,mention
pwr2dppl,LoboWithACause,mention
pwr2dppl,mathprofcarrie,mention
pwr2dppl,ArcheyDawn,mention
pwr2dppl,mathyadriana,mention
pwr2dppl,diazlopezmath,mention
pwr2dppl,xl772,mention
pwr2dppl,pwr2dppl,mention
pwr2dppl,LoboWithACause,mention
pwr2dppl,WanderingPoint,mention
pwr2dppl,RachelleDeCoste,mention
pwr2dppl,MarissaKawehi,mention
pwr2dppl,blkmathmagic,mention
pwr2dppl,priyam886,mention
pwr2dppl,LoboWithACause,mention
pwr2dppl,xl772,mention
pwr2dppl,mathprofcarrie,mention
pwr2dppl,FedericoArdila,mention
pwr2dppl,monsoon0,mention
pwr2dppl,pwr2dppl,mention
pwr2dppl,sbagley,mention
pwr2dppl,amermathsoc,mention
pwr2dppl,mathprofcarrie,mention
pwr2dppl,sbagley,mention
pwr2dppl,monsoon0,mention
pwr2dppl,sbagley,mention
pwr2dppl,sbagley,mention
pwr2dppl,amermathsoc,mention
pwr2dppl,maanow,mention
pwr2dppl,LoboWithACause,mention
pwr2dppl,mathprofcarrie,mention
pwr2dppl,blkmathmagic,mention
pwr2dppl,AliciaPL25,mention
pwr2dppl,FedericoArdila,mention
pwr2dppl,mathprofcarrie,mention
pwr2dppl,VictorPiercey1,mention
pwr2dppl,mathillustrated,mention
pwr2dppl,timchartier,mention
pwr2dppl,fra_berni,mention
pwr2dppl,LoboWithACause,mention
pwr2dppl,pwr2dppl,mention
pwr2dppl,xl772,mention
pwr2dppl,WanderingPoint,mention
pwr2dppl,LoboWithACause,mention
pwr2dppl,amermathsoc,mention
pwr2dppl,diazlopezmath,mention
pwr2dppl,ClaudioJacobo,mention
pwr2dppl,LoboWithACause,mention
pwr2dppl,swirlgirl31415,mention
pwr2dppl,dtkung,mention
pwr2dppl,maanow,mention
pwr2dppl,blkmathmagic,mention
pwr2dppl,katebelin,mention
pwr2dppl,ArisWinger,mention
pwr2dppl,RachelleDeCoste,mention
pwr2dppl,LoboWithACause,mention
pwr2dppl,FedericoArdila,mention
pwr2dppl,JointMath,mention
pwr2dppl,mayli,mention
pwr2dppl,duanecoop,mention
pwr2dppl,priyam886,mention
pwr2dppl,HaydeeLindo,mention
pwr2dppl,ErikaTCamacho,mention
pwr2dppl,mayli,mention
pwr2dppl,sbagley,mention
pwr2dppl,JointMath,mention
pwr2dppl,LoboWithACause,mention
pwr2dppl,VictorPiercey1,mention
pwr2dppl,kenandoesmath,mention
pwr2dppl,pwr2dppl,mention
pwr2dppl,mathbabedotorg,mention
pwr2dppl,ruha9,mention
pwr2dppl,mathprofcarrie,mention
pwr2dppl,mathprofcarrie,mention
pwr2dppl,LoboWithACause,mention
pwr2dppl,amermathsoc,mention
pwr2dppl,mathprofcarrie,mention
pwr2dppl,MarissaKawehi,mention
pwr2dppl,xl772,mention
pwr2dppl,xl772,mention
pwr2dppl,mathprofcarrie,mention
pwr2dppl,FedericoArdila,mention
pwr2dppl,LoboWithACause,mention
pwr2dppl,ClaudioJacobo,mention
pwr2dppl,blkmathmagic,mention
pwr2dppl,WanderingPoint,mention
pwr2dppl,amermathsoc,mention
pwr2dppl,ClaudioJacobo,mention
pwr2dppl,WanderingPoint,mention
pwr2dppl,mathprofcarrie,mention
pwr2dppl,LoboWithACause,mention
pwr2dppl,mathprofcarrie,mention
pwr2dppl,katebelin,mention
pwr2dppl,RG1gal,mention
pwr2dppl,FedericoArdila,mention
pwr2dppl,mathprofcarrie,mention
pwr2dppl,darrenglass,mention
pwr2dppl,WanderingPoint,mention
pwr2dppl,sbagley,mention
pwr2dppl,VictorPiercey1,mention
pwr2dppl,mathbabedotorg,mention
pwr2dppl,kenandoesmath,mention
pwr2dppl,JointMath,mention
pwr2dppl,maanow,mention
pwr2dppl,mathillustrated,mention
pwr2dppl,RG1gal,mention
pwr2dppl,sbagley,mention
pwr2dppl,mathyadriana,mention
pwr2dppl,SoledadVillar5,mention
pwr2dppl,mathyadriana,mention
pwr2dppl,diazlopezmath,mention
pwr2dppl,mathprofcarrie,mention
pwr2dppl,xl772,mention
pwr2dppl,LoboWithACause,mention
pwr2dppl,WanderingPoint,mention
pwr2dppl,RachelleDeCoste,mention
pwr2dppl,xl772,mention
pwr2dppl,ash_wee_k,mention
pwr2dppl,frontLahn,mention
pwr2dppl,KyJmd,mention
pwr2dppl,VictorPiercey1,mention
pwr2dppl,qsideinstitute,mention
pwr2dppl,JointMath,mention
pwr2dppl,LoboWithACause,mention
pwr2dppl,sbagley,mention
pwr2dppl,siwelwerd,mention
pwr2dppl,fra_berni,mention
pwr2dppl,PamHarris1128,mention
pwr2dppl,mathyadriana,mention
pwr2dppl,mathprofcarrie,mention
pwr2dppl,LoboWithACause,mention
pwr2dppl,LoboWithACause,mention
pwr2dppl,BikeMath,mention
pwr2dppl,blkmathmagic,mention
pwr2dppl,MarissaKawehi,mention
pwr2dppl,LoboWithACause,mention
pwr2dppl,xl772,mention
pwr2dppl,mathprofcarrie,mention
pwr2dppl,FedericoArdila,mention
pwr2dppl,priyam886,mention
pwr2dppl,Shelby_M_Scott,mention
pwr2dppl,sbagley,mention
pwr2dppl,kenandoesmath,mention
pwr2dppl,WanderingPoint,mention
pwr2dppl,LoboWithACause,mention
pwr2dppl,mathprofcarrie,mention
pwr2dppl,BikeMath,mention
pwr2dppl,thewordninja_bk,mention
pwr2dppl,LoboWithACause,mention
pwr2dppl,MarissaKawehi,mention
pwr2dppl,blkmathmagic,mention
pwr2dppl,xl772,mention
pwr2dppl,mathprofcarrie,mention
pwr2dppl,FedericoArdila,mention
pwr2dppl,priyam886,mention
pwr2dppl,BikeMath,mention
pwr2dppl,ruha9,mention
pwr2dppl,BikeMath,mention
pwr2dppl,thewordninja_bk,mention
pwr2dppl,mathprofcarrie,mention
pwr2dppl,fra_berni,mention
pwr2dppl,WanderingPoint,mention
pwr2dppl,FedericoArdila,mention
pwr2dppl,LoboWithACause,mention
pwr2dppl,ClaudioJacobo,mention
pwr2dppl,blkmathmagic,mention
pwr2dppl,xl772,mention
pwr2dppl,JSEllenberg,mention
pwr2dppl,mathprofcarrie,mention
pwr2dppl,FedericoArdila,mention
pwr2dppl,LoboWithACause,mention
pwr2dppl,ClaudioJacobo,mention
pwr2dppl,blkmathmagic,mention
pwr2dppl,xl772,mention
pwr2dppl,WanderingPoint,mention
pwr2dppl,BikeMath,mention
pwr2dppl,BikeMath,mention
QCohBeef,WanderingPoint,retweet
QCohBeef,WanderingPoint,mention
QED_nerds,WanderingPoint,retweet
QED_nerds,WanderingPoint,mention
qsideinstitute,JointMath,mention
QuantumP7,pwr2dppl,retweet
QuantumP7,pwr2dppl,mention
quaternion_j,MarissaKawehi,retweet
quaternion_j,MarissaKawehi,mention
R2D2mah,pwr2dppl,retweet
R2D2mah,pwr2dppl,mention
RachelleDeCoste,LoboWithACause,reply
RachelleDeCoste,mathprofcarrie,quote-tweet
RachelleDeCoste,LoboWithACause,mention
rdomagalski,MarissaKawehi,retweet
rdomagalski,MarissaKawehi,mention
redneurons,mathprofcarrie,retweet
redneurons,mathprofcarrie,mention
redneurons,jmm2021,mention
ResearchWrigley,matthematician,retweet
ResearchWrigley,matthematician,mention
RG1gal,WanderingPoint,retweet
RG1gal,katebelin,quote-tweet
RG1gal,WanderingPoint,mention
rhondajohughes,susan_dagostino,retweet
rhondajohughes,susan_dagostino,mention
rhondajohughes,Morehouse,mention
RicciFlat,VictorPiercey1,retweet
RicciFlat,VictorPiercey1,mention
RicciFlat,kenandoesmath,mention
RicciFlat,pwr2dppl,mention
rich_homie_kuan,pwr2dppl,retweet
rich_homie_kuan,pwr2dppl,mention
rich_homie_kuan,blkmathmagic,mention
RissaChem,mathprofcarrie,retweet
RissaChem,mathprofcarrie,mention
RissaChem,jmm2021,mention
rmathematicus,MBarany,retweet
rmathematicus,MBarany,mention
RobEbymathdude,dtkung,retweet
RobEbymathdude,dtkung,mention
robinelgenubi,RG1gal,retweet
robinelgenubi,RG1gal,mention
roger_mansuy,monsoon0,retweet
roger_mansuy,monsoon0,mention
RomanMathquez,pwr2dppl,retweet
RomanMathquez,pwr2dppl,mention
RomanMathquez,amermathsoc,mention
RomanMathquez,maanow,mention
rsachsgmu,dtkung,retweet
rsachsgmu,dtkung,mention
RubenAMartinezA,WanderingPoint,retweet
RubenAMartinezA,WanderingPoint,mention
ryanprior,ClaudioJacobo,retweet
ryanprior,ClaudioJacobo,mention
RyneVanK,DrMRLD,retweet
RyneVanK,DrMRLD,mention
sajinkoroth,AliciaPL25,retweet
sajinkoroth,sbagley,retweet
sajinkoroth,matthewando,retweet
sajinkoroth,WanderingPoint,retweet
sajinkoroth,AliciaPL25,mention
sajinkoroth,FedericoArdila,mention
sajinkoroth,sbagley,mention
sajinkoroth,matthewando,mention
sajinkoroth,WanderingPoint,mention
Sam71244027,sophgermain,reply
Sam71244027,sophgermain,mention
Sam71244027,DingleTeach,mention
samit_dasgupta,WanderingPoint,retweet
samit_dasgupta,WanderingPoint,mention
sandi_clement,siwelwerd,retweet
sandi_clement,VictorPiercey1,retweet
sandi_clement,ClaudioJacobo,retweet
sandi_clement,blkmathmagic,retweet
sandi_clement,siwelwerd,mention
sandi_clement,VictorPiercey1,mention
sandi_clement,ArisWinger,mention
sandi_clement,maanow,mention
sandi_clement,ClaudioJacobo,mention
sandi_clement,blkmathmagic,mention
sandi_clement,mathprofcarrie,mention
saracharala,pwr2dppl,quote-tweet
sarah_bockting,sbagley,retweet
sarah_bockting,WanderingPoint,retweet
sarah_bockting,sbagley,retweet
sarah_bockting,MarissaKawehi,retweet
sarah_bockting,MattBoelkins,retweet
sarah_bockting,sbagley,mention
sarah_bockting,WanderingPoint,mention
sarah_bockting,sbagley,mention
sarah_bockting,MarissaKawehi,mention
sarah_bockting,MattBoelkins,mention
sarah_bockting,thewordninja_bk,mention
sbagley,sbagley,reply
sbagley,sbagley,reply
sbagley,joshlaison,reply
sbagley,sbagley,reply
sbagley,sbagley,reply
sbagley,sbagley,reply
sbagley,sbagley,reply
sbagley,sbagley,reply
sbagley,sbagley,reply
sbagley,sbagley,reply
sbagley,sbagley,reply
sbagley,sbagley,reply
sbagley,sbagley,reply
sbagley,sbagley,reply
sbagley,sbagley,reply
sbagley,sbagley,reply
sbagley,sbagley,reply
sbagley,sbagley,reply
sbagley,sbagley,reply
sbagley,sbagley,reply
sbagley,sbagley,reply
sbagley,sbagley,reply
sbagley,sbagley,reply
sbagley,sbagley,reply
sbagley,sbagley,reply
sbagley,sbagley,reply
sbagley,sbagley,reply
sbagley,maryepilgrim,reply
sbagley,sbagley,reply
sbagley,sbagley,reply
sbagley,sbagley,reply
sbagley,maryepilgrim,reply
sbagley,sbagley,reply
sbagley,mathprofcarrie,retweet
sbagley,siwelwerd,retweet
sbagley,MBarany,retweet
sbagley,frontLahn,retweet
sbagley,mathprofcarrie,retweet
sbagley,joshlaison,retweet
sbagley,matthematician,retweet
sbagley,mathprofcarrie,retweet
sbagley,MarissaKawehi,retweet
sbagley,AliciaPL25,retweet
sbagley,VictorPiercey1,retweet
sbagley,KJMDPhD,retweet
sbagley,pwr2dppl,retweet
sbagley,VictorPiercey1,retweet
sbagley,mathprofcarrie,retweet
sbagley,DrClaireJanelle,retweet
sbagley,DrClaireJanelle,retweet
sbagley,WanderingPoint,retweet
sbagley,WanderingPoint,quote-tweet
sbagley,MarissaKawehi,quote-tweet
sbagley,LoboWithACause,quote-tweet
sbagley,WanderingPoint,quote-tweet
sbagley,robertkessler,quote-tweet
sbagley,thewordninja_bk,quote-tweet
sbagley,mathprofcarrie,quote-tweet
sbagley,kenandoesmath,mention
sbagley,mathprofcarrie,mention
sbagley,JointMath,mention
sbagley,JointMath,mention
sbagley,siwelwerd,mention
sbagley,joshlaison,mention
sbagley,WanderingPoint,mention
sbagley,MBarany,mention
sbagley,frontLahn,mention
sbagley,nancyekress,mention
sbagley,JointMath,mention
sbagley,JointMath,mention
sbagley,mathprofcarrie,mention
sbagley,joshlaison,mention
sbagley,matthematician,mention
sbagley,JointMath,mention
sbagley,FedericoArdila,mention
sbagley,JointMath,mention
sbagley,JointMath,mention
sbagley,mathprofcarrie,mention
sbagley,MarissaKawehi,mention
sbagley,nancyekress,mention
sbagley,JointMath,mention
sbagley,AliciaPL25,mention
sbagley,FedericoArdila,mention
sbagley,amermathsoc,mention
sbagley,JointMath,mention
sbagley,JointMath,mention
sbagley,amermathsoc,mention
sbagley,JointMath,mention
sbagley,VictorPiercey1,mention
sbagley,kenandoesmath,mention
sbagley,pwr2dppl,mention
sbagley,JointMath,mention
sbagley,amermathsoc,mention
sbagley,JointMath,mention
sbagley,KyJmd,mention
sbagley,pwr2dppl,mention
sbagley,JointMath,mention
sbagley,nancyekress,mention
sbagley,JointMath,mention
sbagley,VictorPiercey1,mention
sbagley,ArisWinger,mention
sbagley,maanow,mention
sbagley,JointMath,mention
sbagley,mathprofcarrie,mention
sbagley,DrClaireJanelle,mention
sbagley,JointMath,mention
sbagley,amermathsoc,mention
sbagley,JointMath,mention
sbagley,JointMath,mention
sbagley,DrClaireJanelle,mention
sbagley,WanderingPoint,mention
sbagley,JointMath,mention
sbagley,thewordninja_bk,mention
sbagley,JointMath,mention
sbagley,JointMath,mention
sbagley,JointMath,mention
sbagley,JointMath,mention
sbagley,JointMath,mention
sbagley,JointMath,mention
sbagley,JointMath,mention
sbagley,JointMath,mention
sbagley,JointMath,mention
sbagley,mathprofcarrie,mention
sbagley,maryepilgrim,mention
sbagley,JointMath,mention
sbagley,AIMathematics,mention
sbagley,JointMath,mention
sbagley,JointMath,mention
sbagley,maryepilgrim,mention
sbagley,JointMath,mention
sbagley,JointMath,mention
Shelby_M_Scott,Shelby_M_Scott,reply
Shelby_M_Scott,Shelby_M_Scott,reply
Shelby_M_Scott,Shelby_M_Scott,reply
Shelby_M_Scott,Shelby_M_Scott,reply
Shelby_M_Scott,Shelby_M_Scott,reply
Shelby_M_Scott,Shelby_M_Scott,reply
Shelby_M_Scott,Shelby_M_Scott,reply
Shelby_M_Scott,Shelby_M_Scott,reply
Shelby_M_Scott,Shelby_M_Scott,reply
Shelby_M_Scott,Shelby_M_Scott,reply
Shelby_M_Scott,Shelby_M_Scott,reply
Shelby_M_Scott,Shelby_M_Scott,reply
Shelby_M_Scott,Shelby_M_Scott,reply
Shelby_M_Scott,Shelby_M_Scott,reply
Shelby_M_Scott,Shelby_M_Scott,reply
Shelby_M_Scott,Shelby_M_Scott,reply
Shelby_M_Scott,Shelby_M_Scott,reply
Shelby_M_Scott,Shelby_M_Scott,reply
Shelby_M_Scott,Shelby_M_Scott,reply
Shelby_M_Scott,Shelby_M_Scott,reply
Shelby_M_Scott,Shelby_M_Scott,reply
Shelby_M_Scott,Shelby_M_Scott,reply
Shelby_M_Scott,Shelby_M_Scott,reply
Shelby_M_Scott,Shelby_M_Scott,reply
Shelby_M_Scott,matthematician,retweet
Shelby_M_Scott,mathprofcarrie,retweet
Shelby_M_Scott,VictorPiercey1,retweet
Shelby_M_Scott,matthematician,mention
Shelby_M_Scott,mathprofcarrie,mention
Shelby_M_Scott,jmm2021,mention
Shelby_M_Scott,VictorPiercey1,mention
Shelby_M_Scott,ArisWinger,mention
Shelby_M_Scott,maanow,mention
Shelby_M_Scott,qubeshub,mention
Shelby_M_Scott,mathprofcarrie,mention
Shelby_M_Scott,JointMath,mention
Shelby_M_Scott,qubeshub,mention
Shelby_M_Scott,maanow,mention
Shelby_M_Scott,FiveThirtyEight,mention
Shelby_M_Scott,JointMath,mention
Shelby_M_Scott,NSFINCLUDESHub,mention
Shelby_M_Scott,NEON_sci,mention
Shelby_M_Scott,BioQUESTed,mention
Shelby_M_Scott,qubeshub,mention
Shelby_M_Scott,BioQUESTed,mention
Shelby_M_Scott,qubeshub,mention
Shelby_M_Scott,mathprofcarrie,mention
Shelby_M_Scott,JointMath,mention
SherlockpHolmes,monsoon0,retweet
SherlockpHolmes,mathprofcarrie,retweet
SherlockpHolmes,monsoon0,retweet
SherlockpHolmes,monsoon0,mention
SherlockpHolmes,mathprofcarrie,mention
SherlockpHolmes,monsoon0,mention
shivfesta,elizabethmunch,retweet
shivfesta,elizabethmunch,mention
shivfesta,JointMath,mention
Shugars,mathprofcarrie,retweet
Shugars,mathprofcarrie,mention
Shugars,jmm2021,mention
SineOutlook,MarissaKawehi,retweet
SineOutlook,MarissaKawehi,mention
sister_stem,mathprofcarrie,quote-tweet
sister_stem,jmm2021,mention
siwelwerd,sbagley,retweet
siwelwerd,sbagley,retweet
siwelwerd,DrMRLD,retweet
siwelwerd,sbagley,mention
siwelwerd,sbagley,mention
siwelwerd,DrMRLD,mention
siwelwerd,washcoll,mention
SJMathematics,RG1gal,retweet
SJMathematics,RG1gal,mention
sleepymathgrl,blkmathmagic,retweet
sleepymathgrl,mathprofcarrie,retweet
sleepymathgrl,blkmathmagic,mention
sleepymathgrl,mathprofcarrie,mention
sleepymathgrl,blkmathmagic,mention
SoledadVillar5,mathyadriana,reply
SoledadVillar5,RG1gal,retweet
SoledadVillar5,WanderingPoint,retweet
SoledadVillar5,RG1gal,mention
SoledadVillar5,WanderingPoint,mention
SoledadVillar5,mathyadriana,mention
SoledadVillar5,diazlopezmath,mention
SoledadVillar5,mathprofcarrie,mention
SoledadVillar5,xl772,mention
SoledadVillar5,pwr2dppl,mention
SoledadVillar5,LoboWithACause,mention
SoledadVillar5,WanderingPoint,mention
SoledadVillar5,RachelleDeCoste,mention
sophgermain,davidwees,reply
sophgermain,davidwees,mention
sophgermain,DingleTeach,mention
sophgermain,mathprofcarrie,mention
sophgermain,Sam71244027,mention
sophgermain,DingleTeach,mention
ssnewbery,darrenglass,retweet
ssnewbery,darrenglass,mention
suburbanlion,WanderingPoint,retweet
suburbanlion,WanderingPoint,mention
sunstoneUU,pwr2dppl,retweet
sunstoneUU,pwr2dppl,mention
superyarn,WanderingPoint,retweet
superyarn,WanderingPoint,mention
susan_dagostino,benjamindickman,retweet
susan_dagostino,benjamindickman,mention
susan_dagostino,Morehouse,mention
susan_dagostino,AWMmath,mention
susan_dagostino,JointMath,mention
susmcgowan,siwelwerd,retweet
susmcgowan,siwelwerd,mention
SuzanneSindi,pwr2dppl,retweet
SuzanneSindi,mathprofcarrie,retweet
SuzanneSindi,blkmathmagic,retweet
SuzanneSindi,WanderingPoint,retweet
SuzanneSindi,WanderingPoint,quote-tweet
SuzanneSindi,pwr2dppl,mention
SuzanneSindi,blkmathmagic,mention
SuzanneSindi,mathprofcarrie,mention
SuzanneSindi,jmm2021,mention
SuzanneSindi,blkmathmagic,mention
SuzanneSindi,pwr2dppl,mention
SuzanneSindi,WanderingPoint,mention
SuzanneSindi,xanderfaber,mention
SwipeWright,maanow,quote-tweet
swirlgirl31415,dtkung,mention
swirlgirl31415,maanow,mention
teachnext_tmb,RG1gal,retweet
teachnext_tmb,RG1gal,mention
tealismaking,sbagley,retweet
tealismaking,sbagley,mention
tealismaking,thewordninja_bk,mention
tealismaking,JointMath,mention
teehee_sarah,DrMRLD,retweet
teehee_sarah,DrMRLD,mention
Thalesdisciple,mathprofcarrie,retweet
Thalesdisciple,mathprofcarrie,mention
Thalesdisciple,jmm2021,mention
thebasepoint,WanderingPoint,retweet
thebasepoint,WanderingPoint,mention
thecaligarmo,WanderingPoint,retweet
thecaligarmo,WanderingPoint,mention
ThembaletuMbang,RG1gal,retweet
ThembaletuMbang,RG1gal,mention
thewordninja_bk,pwr2dppl,reply
thewordninja_bk,mathillustrated,retweet
thewordninja_bk,RG1gal,retweet
thewordninja_bk,dtkung,retweet
thewordninja_bk,mathillustrated,mention
thewordninja_bk,timchartier,mention
thewordninja_bk,RG1gal,mention
thewordninja_bk,dtkung,mention
thewordninja_bk,pwr2dppl,mention
thewordninja_bk,JointMath,mention
thewordninja_bk,LoboWithACause,mention
thewordninja_bk,pwr2dppl,mention
thewordninja_bk,BikeMath,mention
timchartier,mathillustrated,retweet
timchartier,mathillustrated,mention
timchartier,timchartier,mention
timhsuSF,LoboWithACause,retweet
timhsuSF,mathprofcarrie,retweet
timhsuSF,LoboWithACause,mention
timhsuSF,mathprofcarrie,mention
timhsuSF,jmm2021,mention
topologybee,matthematician,retweet
topologybee,matthematician,mention
topolojack,WanderingPoint,retweet
topolojack,WanderingPoint,mention
trans_versality,mathprofcarrie,retweet
trans_versality,pwr2dppl,retweet
trans_versality,mathprofcarrie,mention
trans_versality,jmm2021,mention
trans_versality,pwr2dppl,mention
trans_versality,amermathsoc,mention
trans_versality,maanow,mention
Trianglemancsd,WanderingPoint,retweet
Trianglemancsd,RG1gal,retweet
Trianglemancsd,WanderingPoint,mention
Trianglemancsd,RG1gal,mention
twistor,belladoesmath,retweet
twistor,ClaudioJacobo,retweet
twistor,mathprofcarrie,retweet
twistor,darrenglass,retweet
twistor,WanderingPoint,retweet
twistor,sbagley,retweet
twistor,ClaudioJacobo,retweet
twistor,LoboWithACause,retweet
twistor,susan_dagostino,retweet
twistor,ClaudioJacobo,mention
twistor,mathprofcarrie,mention
twistor,darrenglass,mention
twistor,WanderingPoint,mention
twistor,sbagley,mention
twistor,ClaudioJacobo,mention
twistor,mathprofcarrie,mention
twistor,LoboWithACause,mention
twistor,susan_dagostino,mention
twistor,Morehouse,mention
twonth,WanderingPoint,retweet
twonth,WanderingPoint,mention
TyLKelly,pwr2dppl,retweet
TyLKelly,WanderingPoint,retweet
TyLKelly,frontLahn,retweet
TyLKelly,blkmathmagic,retweet
TyLKelly,pwr2dppl,mention
TyLKelly,WanderingPoint,mention
TyLKelly,mathyadriana,mention
TyLKelly,frontLahn,mention
TyLKelly,blkmathmagic,mention
TyLKelly,pwr2dppl,mention
USpeaks,pwr2dppl,retweet
USpeaks,pwr2dppl,mention
uvmmathstats,xl772,retweet
uvmmathstats,xl772,mention
vacuou5ly_tru3,pwr2dppl,retweet
vacuou5ly_tru3,pwr2dppl,mention
Vaguery,siwelwerd,retweet
Vaguery,siwelwerd,mention
valeriadepaiva,WanderingPoint,retweet
valeriadepaiva,JohannaF_math,retweet
valeriadepaiva,WanderingPoint,mention
valeriadepaiva,JohannaF_math,mention
vanessainstem,pwr2dppl,retweet
vanessainstem,WanderingPoint,retweet
vanessainstem,pwr2dppl,retweet
vanessainstem,DrClaireJanelle,retweet
vanessainstem,DrClaireJanelle,retweet
vanessainstem,pwr2dppl,mention
vanessainstem,WanderingPoint,mention
vanessainstem,pwr2dppl,mention
vanessainstem,blkmathmagic,mention
vanessainstem,DrClaireJanelle,mention
vanessainstem,DrClaireJanelle,mention
vianey_lb,mathprofcarrie,retweet
vianey_lb,mathprofcarrie,mention
victorerikray,mathprofcarrie,retweet
victorerikray,mathprofcarrie,mention
victorerikray,jmm2021,mention
VictorPiercey1,mathprofcarrie,reply
VictorPiercey1,mathprofcarrie,reply
VictorPiercey1,DrMRLD,retweet
VictorPiercey1,pwr2dppl,retweet
VictorPiercey1,mathprofcarrie,retweet
VictorPiercey1,mathprofcarrie,retweet
VictorPiercey1,mathprofcarrie,retweet
VictorPiercey1,pwr2dppl,retweet
VictorPiercey1,mathprofcarrie,retweet
VictorPiercey1,WanderingPoint,quote-tweet
VictorPiercey1,VictorPiercey1,quote-tweet
VictorPiercey1,DrMRLD,mention
VictorPiercey1,kenandoesmath,mention
VictorPiercey1,JointMath,mention
VictorPiercey1,maanow,mention
VictorPiercey1,amermathsoc,mention
VictorPiercey1,ArisWinger,mention
VictorPiercey1,maanow,mention
VictorPiercey1,JointMath,mention
VictorPiercey1,amermathsoc,mention
VictorPiercey1,mathprofcarrie,mention
VictorPiercey1,pwr2dppl,mention
VictorPiercey1,mathbabedotorg,mention
VictorPiercey1,ruha9,mention
VictorPiercey1,mathprofcarrie,mention
VictorPiercey1,mathprofcarrie,mention
VictorPiercey1,mathprofcarrie,mention
VictorPiercey1,mathprofcarrie,mention
VictorPiercey1,mathbabedotorg,mention
VictorPiercey1,maanow,mention
VictorPiercey1,mathprofcarrie,mention
VictorPiercey1,callin_bull,mention
VictorPiercey1,maanow,mention
VictorPiercey1,mathbabedotorg,mention
VictorPiercey1,kenandoesmath,mention
VictorPiercey1,JointMath,mention
VictorPiercey1,maanow,mention
VictorPiercey1,amermathsoc,mention
VictorPiercey1,mathprofcarrie,mention
VictorPiercey1,VictorPiercey1,mention
VictorPiercey1,pwr2dppl,mention
VictorPiercey1,mathyadriana,mention
VictorPiercey1,pwr2dppl,mention
VictorPiercey1,mathprofcarrie,mention
VictorPiercey1,kenandoesmath,mention
VictorPiercey1,pwr2dppl,mention
VictorPiercey1,mathprofcarrie,mention
VictorPiercey1,mathprofcarrie,mention
vindas_melendez,WanderingPoint,retweet
vindas_melendez,mathyadriana,retweet
vindas_melendez,WanderingPoint,mention
vindas_melendez,mathyadriana,mention
vindas_melendez,LoboWithACause,mention
virtualcourtney,VictorPiercey1,retweet
virtualcourtney,MarissaKawehi,retweet
virtualcourtney,thewordninja_bk,quote-tweet
virtualcourtney,VictorPiercey1,mention
virtualcourtney,MarissaKawehi,mention
VRiveraQPhD,pwr2dppl,retweet
VRiveraQPhD,MarissaKawehi,retweet
VRiveraQPhD,MarissaKawehi,retweet
VRiveraQPhD,KJMDPhD,retweet
VRiveraQPhD,pwr2dppl,mention
VRiveraQPhD,blkmathmagic,mention
VRiveraQPhD,MarissaKawehi,mention
VRiveraQPhD,MarissaKawehi,mention
VRiveraQPhD,mathyadriana,mention
VRiveraQPhD,monsoon0,mention
VRiveraQPhD,thewordninja_bk,mention
VRiveraQPhD,pwr2dppl,mention
VRiveraQPhD,fra_berni,mention
VRiveraQPhD,KyJmd,mention
WanderingPoint,pwr2dppl,reply
WanderingPoint,WanderingPoint,reply
WanderingPoint,pwr2dppl,reply
WanderingPoint,WanderingPoint,reply
WanderingPoint,mathprofcarrie,reply
WanderingPoint,mathprofcarrie,reply
WanderingPoint,pwr2dppl,reply
WanderingPoint,mathprofcarrie,retweet
WanderingPoint,sbagley,retweet
WanderingPoint,pwr2dppl,retweet
WanderingPoint,VictorPiercey1,retweet
WanderingPoint,MarissaKawehi,retweet
WanderingPoint,sbagley,retweet
WanderingPoint,sbagley,retweet
WanderingPoint,siwelwerd,retweet
WanderingPoint,thewordninja_bk,quote-tweet
WanderingPoint,pwr2dppl,quote-tweet
WanderingPoint,pwr2dppl,mention
WanderingPoint,mathprofcarrie,mention
WanderingPoint,sbagley,mention
WanderingPoint,pwr2dppl,mention
WanderingPoint,mathprofcarrie,mention
WanderingPoint,fra_berni,mention
WanderingPoint,FedericoArdila,mention
WanderingPoint,LoboWithACause,mention
WanderingPoint,ClaudioJacobo,mention
WanderingPoint,blkmathmagic,mention
WanderingPoint,xl772,mention
WanderingPoint,pwr2dppl,mention
WanderingPoint,amermathsoc,mention
WanderingPoint,maanow,mention
WanderingPoint,VictorPiercey1,mention
WanderingPoint,kenandoesmath,mention
WanderingPoint,pwr2dppl,mention
WanderingPoint,MarissaKawehi,mention
WanderingPoint,sbagley,mention
WanderingPoint,kenandoesmath,mention
WanderingPoint,sbagley,mention
WanderingPoint,mathyadriana,mention
WanderingPoint,siwelwerd,mention
WanderingPoint,xanderfaber,mention
WanderingPoint,pwr2dppl,mention
WanderingPoint,pwr2dppl,mention
WanderingPoint,mathprofcarrie,mention
WanderingPoint,fra_berni,mention
WanderingPoint,FedericoArdila,mention
WanderingPoint,LoboWithACause,mention
WanderingPoint,ClaudioJacobo,mention
WanderingPoint,blkmathmagic,mention
WanderingPoint,xl772,mention
WanderingPoint,mathprofcarrie,mention
WanderingPoint,xl772,mention
WanderingPoint,pwr2dppl,mention
WanderingPoint,mathprofcarrie,mention
WanderingPoint,pwr2dppl,mention
WanderingPoint,FedericoArdila,mention
WanderingPoint,LoboWithACause,mention
WanderingPoint,ClaudioJacobo,mention
WanderingPoint,blkmathmagic,mention
WanderingPoint,xl772,mention
WanderingPoint,fra_berni,mention
WanderingPoint,pwr2dppl,mention
WanderingPoint,mathprofcarrie,mention
WanderingPoint,fra_berni,mention
WanderingPoint,FedericoArdila,mention
WanderingPoint,LoboWithACause,mention
WanderingPoint,ClaudioJacobo,mention
WanderingPoint,blkmathmagic,mention
WanderingPoint,xl772,mention
weinburd,mathcourtney,retweet
weinburd,mathcourtney,mention
weinburd,HZinnbrooks,mention
wizard2048,fra_berni,retweet
wizard2048,diazlopezmath,retweet
wizard2048,mathyadriana,retweet
wizard2048,DrMRLD,retweet
wizard2048,xl772,retweet
wizard2048,WanderingPoint,retweet
wizard2048,pwr2dppl,retweet
wizard2048,FedericoArdila,retweet
wizard2048,pwr2dppl,retweet
wizard2048,benjamindickman,retweet
wizard2048,pwr2dppl,retweet
wizard2048,mathyadriana,retweet
wizard2048,malagonmath,retweet
wizard2048,mathprofcarrie,retweet
wizard2048,pwr2dppl,retweet
wizard2048,mathprofcarrie,retweet
wizard2048,pwr2dppl,retweet
wizard2048,monsoon0,retweet
wizard2048,sbagley,retweet
wizard2048,sbagley,retweet
wizard2048,mathprofcarrie,retweet
wizard2048,fra_berni,mention
wizard2048,LoboWithACause,mention
wizard2048,pwr2dppl,mention
wizard2048,diazlopezmath,mention
wizard2048,mathyadriana,mention
wizard2048,mathprofcarrie,mention
wizard2048,LoboWithACause,mention
wizard2048,DrMRLD,mention
wizard2048,xl772,mention
wizard2048,WanderingPoint,mention
wizard2048,pwr2dppl,mention
wizard2048,xl772,mention
wizard2048,ash_wee_k,mention
wizard2048,FedericoArdila,mention
wizard2048,JointMath,mention
wizard2048,mayli,mention
wizard2048,duanecoop,mention
wizard2048,priyam886,mention
wizard2048,HaydeeLindo,mention
wizard2048,ErikaTCamacho,mention
wizard2048,mayli,mention
wizard2048,pwr2dppl,mention
wizard2048,benjamindickman,mention
wizard2048,achambertloir,mention
wizard2048,XenaProject,mention
wizard2048,HigherGeometer,mention
wizard2048,pwr2dppl,mention
wizard2048,mathyadriana,mention
wizard2048,LoboWithACause,mention
wizard2048,malagonmath,mention
wizard2048,mathprofcarrie,mention
wizard2048,pwr2dppl,mention
wizard2048,xl772,mention
wizard2048,mathprofcarrie,mention
wizard2048,pwr2dppl,mention
wizard2048,CengageLearning,mention
wizard2048,monsoon0,mention
wizard2048,sbagley,mention
wizard2048,sbagley,mention
wizard2048,mathprofcarrie,mention
wokewahlberg,sister_stem,retweet
wokewahlberg,sister_stem,mention
WolverKeith,MarissaKawehi,retweet
WolverKeith,MarissaKawehi,mention
xanderfaber,mathprofcarrie,retweet
xanderfaber,mathprofcarrie,mention
xanderfaber,jmm2021,mention
XCatepillan,diazlopezmath,retweet
XCatepillan,belladoesmath,retweet
XCatepillan,diazlopezmath,mention
xl772,xl772,reply
xl772,xl772,reply
xl772,xl772,reply
xl772,xl772,reply
xl772,pwr2dppl,reply
xl772,pwr2dppl,retweet
xl772,pwr2dppl,retweet
xl772,WanderingPoint,retweet
xl772,WanderingPoint,retweet
xl772,qsideinstitute,retweet
xl772,pwr2dppl,retweet
xl772,mathprofcarrie,retweet
xl772,sbagley,retweet
xl772,GoodsiePhD,retweet
xl772,VictorPiercey1,retweet
xl772,pwr2dppl,mention
xl772,SoledadVillar5,mention
xl772,mathyadriana,mention
xl772,diazlopezmath,mention
xl772,mathprofcarrie,mention
xl772,xl772,mention
xl772,LoboWithACause,mention
xl772,WanderingPoint,mention
xl772,RachelleDeCoste,mention
xl772,pwr2dppl,mention
xl772,xl772,mention
xl772,ash_wee_k,mention
xl772,WanderingPoint,mention
xl772,WanderingPoint,mention
xl772,qsideinstitute,mention
xl772,JointMath,mention
xl772,pwr2dppl,mention
xl772,mathprofcarrie,mention
xl772,pwr2dppl,mention
xl772,sbagley,mention
xl772,GoodsiePhD,mention
xl772,dtkung,mention
xl772,VictorPiercey1,mention
xl772,pwr2dppl,mention
xl772,mathprofcarrie,mention
xl772,FedericoArdila,mention
xl772,LoboWithACause,mention
xl772,ClaudioJacobo,mention
xl772,blkmathmagic,mention
xl772,WanderingPoint,mention
xl772,amermathsoc,mention
xl772,pwr2dppl,mention
xl772,mathprofcarrie,mention
xl772,FedericoArdila,mention
xl772,LoboWithACause,mention
xl772,ClaudioJacobo,mention
xl772,blkmathmagic,mention
xl772,WanderingPoint,mention
xl772,amermathsoc,mention
xl772,pwr2dppl,mention
xl772,mathprofcarrie,mention
xl772,FedericoArdila,mention
xl772,LoboWithACause,mention
xl772,ClaudioJacobo,mention
xl772,blkmathmagic,mention
xl772,WanderingPoint,mention
xl772,amermathsoc,mention
xl772,pwr2dppl,mention
xl772,mathprofcarrie,mention
xl772,FedericoArdila,mention
xl772,LoboWithACause,mention
xl772,ClaudioJacobo,mention
xl772,blkmathmagic,mention
xl772,WanderingPoint,mention
xl772,amermathsoc,mention
xl772,pwr2dppl,mention
xl772,mathprofcarrie,mention
xl772,FedericoArdila,mention
xl772,LoboWithACause,mention
xl772,ClaudioJacobo,mention
xl772,blkmathmagic,mention
xl772,WanderingPoint,mention
York_CDM,dtkung,retweet
York_CDM,mathprofcarrie,retweet
York_CDM,dtkung,mention
York_CDM,mathprofcarrie,mention
York_CDM,jmm2021,mention
Zoe_MM,VictorPiercey1,retweet
Zoe_MM,DrMRLD,retweet
Zoe_MM,VictorPiercey1,mention
Zoe_MM,DrMRLD,mention
