from,to,ties,sender,receiver
1,279,2,_pjames_,pwr2dppl
2,370,2,_pmkr,WanderingPoint
3,292,2,1Biotensegrity,RG1gal
4,164,1,41mikes,jmm2021
4,223,2,41mikes,mathprofcarrie
5,164,1,abbaskins,jmm2021
5,223,2,abbaskins,mathprofcarrie
6,223,2,AbelOtuya,mathprofcarrie
7,370,2,aboufade,WanderingPoint
8,370,2,AbsurdistPedant,WanderingPoint
9,366,6,Acertaintom,VictorPiercey1
10,30,1,achambertloir,arretsurimages
10,63,2,achambertloir,CecileMichaut
10,164,1,achambertloir,jmm2021
10,167,2,achambertloir,JohannaF_math
10,192,1,achambertloir,Laelia_Ve
10,223,2,achambertloir,mathprofcarrie
10,289,1,achambertloir,realUNIVfrance
12,186,1,AJ72826261,KJMDPhD
12,191,1,AJ72826261,KyJmd
13,48,2,AlBell42017,BillOpenmind
14,44,1,AlbertTLunde,belladoesmath
16,227,1,AlexGalarce,mathyadriana
16,370,2,AlexGalarce,WanderingPoint
17,126,2,AlexPHoover,frontLahn
19,50,1,algebrandis,blkmathmagic
19,126,2,algebrandis,frontLahn
19,223,4,algebrandis,mathprofcarrie
19,279,2,algebrandis,pwr2dppl
19,316,2,algebrandis,sbagley
20,100,1,AliciaPL25,dtkung
20,120,1,AliciaPL25,FedericoArdila
20,381,1,AliciaPL25,youngstownstate
23,126,2,anitochdz,frontLahn
24,145,1,anna_c_nelson,HZinnbrooks
24,214,2,anna_c_nelson,mathcourtney
25,164,1,annakmil,jmm2021
25,223,2,annakmil,mathprofcarrie
26,292,2,annarden,RG1gal
27,370,2,AnnClifton9,WanderingPoint
28,28,1,ArcheyDawn,ArcheyDawn
28,86,2,ArcheyDawn,diazlopezmath
28,196,2,ArcheyDawn,LoboWithACause
28,223,3,ArcheyDawn,mathprofcarrie
28,227,3,ArcheyDawn,mathyadriana
28,279,2,ArcheyDawn,pwr2dppl
28,287,2,ArcheyDawn,RachelleDeCoste
28,370,2,ArcheyDawn,WanderingPoint
28,379,2,ArcheyDawn,xl772
31,370,2,arsuaga3,WanderingPoint
32,196,2,ash_wee_k,LoboWithACause
32,370,2,ash_wee_k,WanderingPoint
33,292,2,askmrsmartinez,RG1gal
34,164,1,astrojipjawej,jmm2021
34,223,2,astrojipjawej,mathprofcarrie
35,232,2,Atabey_Kaygun,matthematician
36,292,2,Audrey_Mendivil,RG1gal
37,168,1,AuroraBirdialis,JointMath
37,316,8,AuroraBirdialis,sbagley
38,51,2,awmadvance,blviray
38,279,1,awmadvance,pwr2dppl
38,370,1,awmadvance,WanderingPoint
39,245,1,AWMmath,Morehouse
39,332,2,AWMmath,susan_dagostino
40,29,1,BarbaraFantechi,ArisWinger
40,44,1,BarbaraFantechi,belladoesmath
40,79,2,BarbaraFantechi,darrenglass
40,201,1,BarbaraFantechi,maanow
40,244,2,BarbaraFantechi,monsoon0
40,279,2,BarbaraFantechi,pwr2dppl
40,366,2,BarbaraFantechi,VictorPiercey1
40,370,4,BarbaraFantechi,WanderingPoint
41,20,2,BarbaraJaneGunn,AliciaPL25
41,120,1,BarbaraJaneGunn,FedericoArdila
42,370,2,bat_scholar,WanderingPoint
43,164,1,bearboyf,jmm2021
43,223,2,bearboyf,mathprofcarrie
45,55,2,BenisConsumer,BresockCalculus
46,10,1,benjamindickman,achambertloir
46,15,1,benjamindickman,AlexandraBerke
46,20,2,benjamindickman,AliciaPL25
46,21,3,benjamindickman,amermathsoc
46,40,1,benjamindickman,BarbaraFantechi
46,46,2,benjamindickman,benjamindickman
46,50,3,benjamindickman,blkmathmagic
46,51,2,benjamindickman,blviray
46,86,2,benjamindickman,diazlopezmath
46,120,1,benjamindickman,FedericoArdila
46,133,1,benjamindickman,GlobalMathDept
46,140,1,benjamindickman,HigherGeometer
46,164,1,benjamindickman,jmm2021
46,168,1,benjamindickman,JointMath
46,172,2,benjamindickman,joshuazucker
46,196,3,benjamindickman,LoboWithACause
46,200,1,benjamindickman,lpachter
46,223,4,benjamindickman,mathprofcarrie
46,227,2,benjamindickman,mathyadriana
46,244,2,benjamindickman,monsoon0
46,279,4,benjamindickman,pwr2dppl
46,312,1,benjamindickman,samjshah2
46,316,2,benjamindickman,sbagley
46,344,1,benjamindickman,thewordninja_bk
46,347,1,benjamindickman,todosmath
46,370,3,benjamindickman,WanderingPoint
46,378,1,benjamindickman,XenaProject
47,232,2,BikeMath,matthematician
47,279,7,BikeMath,pwr2dppl
47,316,2,BikeMath,sbagley
47,344,3,BikeMath,thewordninja_bk
47,370,2,BikeMath,WanderingPoint
48,48,2,BillOpenmind,BillOpenmind
50,50,4,blkmathmagic,blkmathmagic
50,120,2,blkmathmagic,FedericoArdila
50,164,1,blkmathmagic,jmm2021
50,196,2,blkmathmagic,LoboWithACause
50,208,6,blkmathmagic,MarissaKawehi
50,223,5,blkmathmagic,mathprofcarrie
50,276,2,blkmathmagic,priyam886
50,279,6,blkmathmagic,pwr2dppl
50,316,2,blkmathmagic,sbagley
50,362,3,blkmathmagic,vanessaarceliaa
50,370,2,blkmathmagic,WanderingPoint
50,379,2,blkmathmagic,xl772
51,120,1,blviray,FedericoArdila
51,276,1,blviray,priyam886
51,279,1,blviray,pwr2dppl
51,370,1,blviray,WanderingPoint
52,164,1,BmcChem,jmm2021
52,223,2,BmcChem,mathprofcarrie
53,370,2,bmgilland,WanderingPoint
54,97,2,BrandauerJ,DrMRLD
56,145,1,Cal_Q_L8,HZinnbrooks
56,214,2,Cal_Q_L8,mathcourtney
58,244,2,CardColm,monsoon0
59,227,1,Category_Fury,mathyadriana
59,370,2,Category_Fury,WanderingPoint
61,362,2,Cayleygrapher,vanessaarceliaa
62,370,2,ccshan,WanderingPoint
63,30,1,CecileMichaut,arretsurimages
63,192,2,CecileMichaut,Laelia_Ve
63,289,1,CecileMichaut,realUNIVfrance
65,370,2,CeritDr,WanderingPoint
66,227,1,ChengSoonOng,mathyadriana
66,370,2,ChengSoonOng,WanderingPoint
67,370,2,ChristianJaeh,WanderingPoint
68,233,2,cjp_still,matthewando
69,50,1,CKalinecCraig,blkmathmagic
70,70,1,ClaudioJacobo,ClaudioJacobo
70,223,1,ClaudioJacobo,mathprofcarrie
70,355,1,ClaudioJacobo,uchicagogsu
72,48,2,ComplexWales,BillOpenmind
73,20,2,CompStatsGeom,AliciaPL25
73,120,1,CompStatsGeom,FedericoArdila
74,44,1,con_nect_ed,belladoesmath
75,370,2,cordesm,WanderingPoint
76,244,2,ctheobarker,monsoon0
76,292,4,ctheobarker,RG1gal
76,323,2,ctheobarker,siwelwerd
76,370,2,ctheobarker,WanderingPoint
77,370,2,dagan_karp,WanderingPoint
78,223,2,dana_neidinger,mathprofcarrie
80,370,2,daveinstpaul,WanderingPoint
81,370,2,davewripley,WanderingPoint
82,82,1,davidwees,davidwees
82,87,3,davidwees,DingleTeach
82,223,3,davidwees,mathprofcarrie
82,310,2,davidwees,Sam71244027
82,327,2,davidwees,sophgermain
83,370,2,dbdoughe,WanderingPoint
84,208,2,declan_hoare,MarissaKawehi
85,97,2,DeirdreM10,DrMRLD
86,21,1,diazlopezmath,amermathsoc
86,60,1,diazlopezmath,cath2math
86,86,2,diazlopezmath,diazlopezmath
86,168,1,diazlopezmath,JointMath
86,184,1,diazlopezmath,kenandoesmath
86,196,1,diazlopezmath,LoboWithACause
86,223,1,diazlopezmath,mathprofcarrie
86,227,1,diazlopezmath,mathyadriana
86,279,3,diazlopezmath,pwr2dppl
86,287,1,diazlopezmath,RachelleDeCoste
86,366,2,diazlopezmath,VictorPiercey1
86,370,5,diazlopezmath,WanderingPoint
86,379,1,diazlopezmath,xl772
87,46,2,DingleTeach,benjamindickman
87,87,1,DingleTeach,DingleTeach
87,144,2,DingleTeach,HthrLynnJ
87,196,1,DingleTeach,LoboWithACause
87,223,2,DingleTeach,mathprofcarrie
87,310,1,DingleTeach,Sam71244027
87,327,1,DingleTeach,sophgermain
87,370,2,DingleTeach,WanderingPoint
88,370,2,DLeslieLancs,WanderingPoint
89,279,2,Doc_Kat,pwr2dppl
89,370,2,Doc_Kat,WanderingPoint
90,323,2,drbehardisty,siwelwerd
91,316,2,DrBKirkpatrick,sbagley
92,92,1,DrBrandyMath,DrBrandyMath
92,100,3,DrBrandyMath,dtkung
92,201,2,DrBrandyMath,maanow
92,208,2,DrBrandyMath,MarissaKawehi
92,370,1,DrBrandyMath,WanderingPoint
93,50,1,DrClaireJanelle,blkmathmagic
93,93,1,DrClaireJanelle,DrClaireJanelle
93,164,1,DrClaireJanelle,jmm2021
93,223,2,DrClaireJanelle,mathprofcarrie
93,279,2,DrClaireJanelle,pwr2dppl
94,292,2,DrErikaBullock,RG1gal
95,10,1,DrHenryGarrett,achambertloir
95,46,4,DrHenryGarrett,benjamindickman
95,97,2,DrHenryGarrett,DrMRLD
95,140,1,DrHenryGarrett,HigherGeometer
95,161,2,DrHenryGarrett,jensilvermath
95,182,1,DrHenryGarrett,kellydholstine
95,214,1,DrHenryGarrett,mathcourtney
95,220,2,DrHenryGarrett,mathillustrated
95,345,1,DrHenryGarrett,timchartier
95,371,1,DrHenryGarrett,washcoll
95,378,1,DrHenryGarrett,XenaProject
95,382,1,DrHenryGarrett,YouTube
96,223,2,drjamesalvarez,mathprofcarrie
97,79,1,DrMRLD,darrenglass
97,97,2,DrMRLD,DrMRLD
97,100,1,DrMRLD,dtkung
97,323,1,DrMRLD,siwelwerd
97,370,4,DrMRLD,WanderingPoint
97,371,1,DrMRLD,washcoll
97,376,1,DrMRLD,xanderfaber
98,370,2,dropoutnation,WanderingPoint
99,97,6,drspoulsen,DrMRLD
99,220,2,drspoulsen,mathillustrated
99,345,1,drspoulsen,timchartier
99,370,4,drspoulsen,WanderingPoint
99,371,1,drspoulsen,washcoll
100,100,3,dtkung,dtkung
100,120,1,dtkung,FedericoArdila
100,168,1,dtkung,JointMath
100,201,2,dtkung,maanow
102,279,2,ecology_chris,pwr2dppl
102,317,2,ecology_chris,Shelby_M_Scott
103,70,2,EdsiNetwork,ClaudioJacobo
103,223,3,EdsiNetwork,mathprofcarrie
103,279,1,EdsiNetwork,pwr2dppl
103,362,1,EdsiNetwork,vanessaarceliaa
103,370,2,EdsiNetwork,WanderingPoint
104,368,2,ef_math,virtualcourtney
106,168,1,elizabethmunch,JointMath
106,227,2,elizabethmunch,mathyadriana
106,279,4,elizabethmunch,pwr2dppl
106,370,2,elizabethmunch,WanderingPoint
107,164,1,EllisMathEd,jmm2021
107,223,2,EllisMathEd,mathprofcarrie
108,51,2,emilyriehl,blviray
108,279,3,emilyriehl,pwr2dppl
108,370,3,emilyriehl,WanderingPoint
109,208,2,EmilyTWinn13,MarissaKawehi
110,196,1,Enchilaudanum,LoboWithACause
110,227,2,Enchilaudanum,mathyadriana
110,232,2,Enchilaudanum,matthematician
110,370,3,Enchilaudanum,WanderingPoint
112,164,1,eringriffin003,jmm2021
112,223,2,eringriffin003,mathprofcarrie
113,186,1,ESMathTeacher,KJMDPhD
113,191,1,ESMathTeacher,KyJmd
114,227,1,eterEphemeral,mathyadriana
114,370,2,eterEphemeral,WanderingPoint
116,126,2,evelynjlamb,frontLahn
117,323,1,EWhitteck,siwelwerd
118,50,4,eyescientific,blkmathmagic
118,208,2,eyescientific,MarissaKawehi
118,279,1,eyescientific,pwr2dppl
119,370,2,f_futamura,WanderingPoint
120,101,1,FedericoArdila,duanecoop
120,111,1,FedericoArdila,ErikaTCamacho
120,120,1,FedericoArdila,FedericoArdila
120,137,1,FedericoArdila,HaydeeLindo
120,168,2,FedericoArdila,JointMath
120,196,1,FedericoArdila,LoboWithACause
120,223,1,FedericoArdila,mathprofcarrie
120,234,2,FedericoArdila,mayli
120,276,1,FedericoArdila,priyam886
120,279,1,FedericoArdila,pwr2dppl
120,292,2,FedericoArdila,RG1gal
120,370,2,FedericoArdila,WanderingPoint
121,370,2,FidgeyB,WanderingPoint
123,164,1,FolaAgusto,jmm2021
123,223,2,FolaAgusto,mathprofcarrie
124,50,1,fra_berni,blkmathmagic
124,70,1,fra_berni,ClaudioJacobo
124,120,1,fra_berni,FedericoArdila
124,124,6,fra_berni,fra_berni
124,168,2,fra_berni,JointMath
124,196,4,fra_berni,LoboWithACause
124,209,1,fra_berni,MarissaRenardy
124,223,1,fra_berni,mathprofcarrie
124,271,3,fra_berni,PamHarris1128
124,279,4,fra_berni,pwr2dppl
124,282,2,fra_berni,qsideinstitute
124,370,2,fra_berni,WanderingPoint
124,379,1,fra_berni,xl772
125,370,2,fraarici,WanderingPoint
126,126,1,frontLahn,frontLahn
126,223,2,frontLahn,mathprofcarrie
126,279,4,frontLahn,pwr2dppl
126,316,4,frontLahn,sbagley
127,51,2,G2Campbell,blviray
127,279,1,G2Campbell,pwr2dppl
127,370,1,G2Campbell,WanderingPoint
128,164,1,GaryAdolphson,jmm2021
128,223,2,GaryAdolphson,mathprofcarrie
129,292,2,geonz,RG1gal
130,244,4,gitanjalivi,monsoon0
131,168,1,GizemKaraali_,JointMath
131,184,1,GizemKaraali_,kenandoesmath
131,186,1,GizemKaraali_,KJMDPhD
131,191,1,GizemKaraali_,KyJmd
131,201,1,GizemKaraali_,maanow
131,213,1,GizemKaraali_,mathbabedotorg
131,223,2,GizemKaraali_,mathprofcarrie
131,292,2,GizemKaraali_,RG1gal
131,316,2,GizemKaraali_,sbagley
131,366,2,GizemKaraali_,VictorPiercey1
131,370,2,GizemKaraali_,WanderingPoint
132,100,1,gleuschk,dtkung
132,201,1,gleuschk,maanow
132,336,2,gleuschk,swirlgirl31415
134,100,1,GoodsiePhD,dtkung
134,164,2,GoodsiePhD,jmm2021
134,223,2,GoodsiePhD,mathprofcarrie
135,316,2,GuldenKarakok,sbagley
136,244,2,hannahfenster93,monsoon0
137,100,1,HaydeeLindo,dtkung
137,134,2,HaydeeLindo,GoodsiePhD
138,292,2,heidifessenden,RG1gal
139,186,1,HeyHeresSteve,KJMDPhD
139,191,1,HeyHeresSteve,KyJmd
139,370,2,HeyHeresSteve,WanderingPoint
142,335,2,holom0rph,SwipeWright
143,70,2,howe,ClaudioJacobo
144,87,1,HthrLynnJ,DingleTeach
144,144,1,HthrLynnJ,HthrLynnJ
144,196,2,HthrLynnJ,LoboWithACause
144,223,2,HthrLynnJ,mathprofcarrie
144,279,2,HthrLynnJ,pwr2dppl
146,370,2,ilaba,WanderingPoint
147,292,2,ilana_horn,RG1gal
148,370,2,ipnosimmia,WanderingPoint
150,370,2,j_lanier,WanderingPoint
151,164,1,jackrsturm,jmm2021
151,223,2,jackrsturm,mathprofcarrie
152,50,1,jacksonfulton2,blkmathmagic
152,208,2,jacksonfulton2,MarissaKawehi
153,316,2,jacksonmorris_,sbagley
154,370,2,JadeMasterMath,WanderingPoint
155,196,1,jajensen681,LoboWithACause
155,227,2,jajensen681,mathyadriana
155,279,4,jajensen681,pwr2dppl
156,97,2,jasonemiller,DrMRLD
157,223,1,JasonWilliamsNY,mathprofcarrie
157,244,2,JasonWilliamsNY,monsoon0
158,168,1,JeffGraham15,JointMath
158,282,2,JeffGraham15,qsideinstitute
159,292,2,jen_loescher,RG1gal
160,46,2,jennalaib,benjamindickman
161,182,1,jensilvermath,kellydholstine
161,382,1,jensilvermath,YouTube
162,370,2,jessalynalyn,WanderingPoint
163,370,2,JessieLenarz,WanderingPoint
165,316,2,JoannaWares,sbagley
166,223,2,JoFerMedina,mathprofcarrie
167,145,1,JohannaF_math,HZinnbrooks
167,167,2,JohannaF_math,JohannaF_math
167,214,2,JohannaF_math,mathcourtney
167,220,2,JohannaF_math,mathillustrated
167,345,1,JohannaF_math,timchartier
168,20,2,JointMath,AliciaPL25
168,29,1,JointMath,ArisWinger
168,50,2,JointMath,blkmathmagic
168,69,2,JointMath,CKalinecCraig
168,70,4,JointMath,ClaudioJacobo
168,79,2,JointMath,darrenglass
168,86,1,JointMath,diazlopezmath
168,87,1,JointMath,DingleTeach
168,97,2,JointMath,DrMRLD
168,100,4,JointMath,dtkung
168,101,1,JointMath,duanecoop
168,106,2,JointMath,elizabethmunch
168,111,1,JointMath,ErikaTCamacho
168,120,4,JointMath,FedericoArdila
168,124,5,JointMath,fra_berni
168,126,2,JointMath,frontLahn
168,137,1,JointMath,HaydeeLindo
168,144,4,JointMath,HthrLynnJ
168,164,1,JointMath,jmm2021
168,168,10,JointMath,JointMath
168,170,2,JointMath,joshlaison
168,179,2,JointMath,katebelin
168,184,2,JointMath,kenandoesmath
168,189,2,JointMath,KristinePelatt
168,196,18,JointMath,LoboWithACause
168,201,2,JointMath,maanow
168,208,3,JointMath,MarissaKawehi
168,223,37,JointMath,mathprofcarrie
168,227,13,JointMath,mathyadriana
168,234,2,JointMath,mayli
168,235,4,JointMath,MBarany
168,244,15,JointMath,monsoon0
168,245,1,JointMath,Morehouse
168,254,2,JointMath,nancyekress
168,271,1,JointMath,PamHarris1128
168,276,1,JointMath,priyam886
168,279,16,JointMath,pwr2dppl
168,282,2,JointMath,qsideinstitute
168,285,1,JointMath,qubeshub
168,287,5,JointMath,RachelleDeCoste
168,292,1,JointMath,RG1gal
168,316,34,JointMath,sbagley
168,317,4,JointMath,Shelby_M_Scott
168,332,2,JointMath,susan_dagostino
168,336,2,JointMath,swirlgirl31415
168,344,4,JointMath,thewordninja_bk
168,356,1,JointMath,UNMLoboMBB
168,366,4,JointMath,VictorPiercey1
168,370,8,JointMath,WanderingPoint
168,376,1,JointMath,xanderfaber
168,379,1,JointMath,xl772
169,292,2,JookieTookie,RG1gal
170,168,1,joshlaison,JointMath
170,196,1,joshlaison,LoboWithACause
170,227,2,joshlaison,mathyadriana
170,316,4,joshlaison,sbagley
170,370,1,joshlaison,WanderingPoint
171,370,2,joshuagrochow,WanderingPoint
172,46,2,joshuazucker,benjamindickman
172,50,1,joshuazucker,blkmathmagic
173,164,1,jrlookingbill,jmm2021
173,223,2,jrlookingbill,mathprofcarrie
175,168,2,JustJules2,JointMath
175,316,4,JustJules2,sbagley
175,344,1,JustJules2,thewordninja_bk
176,370,2,KamerynJW,WanderingPoint
177,292,2,karikokka,RG1gal
178,164,1,karin_leiderman,jmm2021
178,223,2,karin_leiderman,mathprofcarrie
179,29,1,katebelin,ArisWinger
179,120,1,katebelin,FedericoArdila
179,292,1,katebelin,RG1gal
180,97,2,katemath,DrMRLD
180,316,2,katemath,sbagley
180,370,2,katemath,WanderingPoint
180,371,1,katemath,washcoll
181,164,1,kay314159,jmm2021
181,223,2,kay314159,mathprofcarrie
181,279,2,kay314159,pwr2dppl
181,370,2,kay314159,WanderingPoint
183,164,1,kellyyyruth,jmm2021
183,223,2,kellyyyruth,mathprofcarrie
185,164,1,kim_yoak,jmm2021
185,223,2,kim_yoak,mathprofcarrie
186,196,2,KJMDPhD,LoboWithACause
186,370,1,KJMDPhD,WanderingPoint
187,97,2,kmkinnaird,DrMRLD
187,168,2,kmkinnaird,JointMath
187,174,1,kmkinnaird,JSEllenberg
187,223,2,kmkinnaird,mathprofcarrie
187,231,4,kmkinnaird,MattBoelkins
187,232,2,kmkinnaird,matthematician
187,235,2,kmkinnaird,MBarany
187,254,1,kmkinnaird,nancyekress
187,279,2,kmkinnaird,pwr2dppl
187,282,2,kmkinnaird,qsideinstitute
187,316,10,kmkinnaird,sbagley
187,344,2,kmkinnaird,thewordninja_bk
187,366,2,kmkinnaird,VictorPiercey1
187,370,5,kmkinnaird,WanderingPoint
188,208,4,kneppkatt,MarissaKawehi
189,370,1,KristinePelatt,WanderingPoint
190,227,1,KristinLauter,mathyadriana
190,370,2,KristinLauter,WanderingPoint
192,30,1,Laelia_Ve,arretsurimages
193,46,2,LauraVHawkins,benjamindickman
193,323,2,LauraVHawkins,siwelwerd
194,208,2,libbyk_,MarissaKawehi
195,370,2,LisaSkultety,WanderingPoint
196,21,1,LoboWithACause,amermathsoc
196,29,1,LoboWithACause,ArisWinger
196,32,1,LoboWithACause,ash_wee_k
196,44,2,LoboWithACause,belladoesmath
196,50,4,LoboWithACause,blkmathmagic
196,70,4,LoboWithACause,ClaudioJacobo
196,86,1,LoboWithACause,diazlopezmath
196,92,1,LoboWithACause,DrBrandyMath
196,97,2,LoboWithACause,DrMRLD
196,115,2,LoboWithACause,evainfeld
196,120,1,LoboWithACause,FedericoArdila
196,126,2,LoboWithACause,frontLahn
196,149,1,LoboWithACause,itatiVCS
196,164,1,LoboWithACause,jmm2021
196,184,2,LoboWithACause,kenandoesmath
196,186,1,LoboWithACause,KJMDPhD
196,191,1,LoboWithACause,KyJmd
196,196,11,LoboWithACause,LoboWithACause
196,199,1,LoboWithACause,loumatthewslive
196,201,1,LoboWithACause,maanow
196,208,4,LoboWithACause,MarissaKawehi
196,220,2,LoboWithACause,mathillustrated
196,223,14,LoboWithACause,mathprofcarrie
196,227,1,LoboWithACause,mathyadriana
196,231,2,LoboWithACause,MattBoelkins
196,232,2,LoboWithACause,matthematician
196,262,1,LoboWithACause,NMPinonCoffee
196,276,1,LoboWithACause,priyam886
196,279,13,LoboWithACause,pwr2dppl
196,287,1,LoboWithACause,RachelleDeCoste
196,292,2,LoboWithACause,RG1gal
196,316,6,LoboWithACause,sbagley
196,326,1,LoboWithACause,SoledadVillar5
196,344,1,LoboWithACause,thewordninja_bk
196,356,1,LoboWithACause,UNMLoboMBB
196,366,10,LoboWithACause,VictorPiercey1
196,370,6,LoboWithACause,WanderingPoint
196,379,4,LoboWithACause,xl772
197,186,1,logicians,KJMDPhD
197,191,1,logicians,KyJmd
197,196,2,logicians,LoboWithACause
197,220,2,logicians,mathillustrated
197,370,2,logicians,WanderingPoint
198,370,2,LogPhilosophica,WanderingPoint
199,46,2,loumatthewslive,benjamindickman
202,170,2,MaggitaCampos,joshlaison
203,21,1,mahrudsay,amermathsoc
203,279,2,mahrudsay,pwr2dppl
204,223,2,malagonmath,mathprofcarrie
205,370,2,MaliciousNoise,WanderingPoint
206,164,1,MaraStone2016,jmm2021
206,223,2,MaraStone2016,mathprofcarrie
207,244,2,mariss_spear7,monsoon0
208,32,1,MarissaKawehi,ash_wee_k
208,50,6,MarissaKawehi,blkmathmagic
208,120,3,MarissaKawehi,FedericoArdila
208,124,3,MarissaKawehi,fra_berni
208,126,2,MarissaKawehi,frontLahn
208,145,1,MarissaKawehi,HZinnbrooks
208,152,1,MarissaKawehi,jacksonfulton2
208,164,1,MarissaKawehi,jmm2021
208,196,4,MarissaKawehi,LoboWithACause
208,214,2,MarissaKawehi,mathcourtney
208,223,5,MarissaKawehi,mathprofcarrie
208,227,1,MarissaKawehi,mathyadriana
208,232,2,MarissaKawehi,matthematician
208,244,1,MarissaKawehi,monsoon0
208,271,1,MarissaKawehi,PamHarris1128
208,276,4,MarissaKawehi,priyam886
208,279,9,MarissaKawehi,pwr2dppl
208,292,2,MarissaKawehi,RG1gal
208,344,1,MarissaKawehi,thewordninja_bk
208,370,4,MarissaKawehi,WanderingPoint
208,379,3,MarissaKawehi,xl772
210,370,2,Marki_MD,WanderingPoint
211,168,1,maryepilgrim,JointMath
211,184,1,maryepilgrim,kenandoesmath
211,196,1,maryepilgrim,LoboWithACause
211,223,8,maryepilgrim,mathprofcarrie
211,227,2,maryepilgrim,mathyadriana
211,282,2,maryepilgrim,qsideinstitute
211,316,10,maryepilgrim,sbagley
211,344,2,maryepilgrim,thewordninja_bk
211,366,6,maryepilgrim,VictorPiercey1
212,134,2,MathAndCobb,GoodsiePhD
212,164,1,MathAndCobb,jmm2021
214,145,1,mathcourtney,HZinnbrooks
214,223,2,mathcourtney,mathprofcarrie
215,164,1,MathDeptUTK,jmm2021
215,223,2,MathDeptUTK,mathprofcarrie
216,279,2,mathdr91,pwr2dppl
217,279,2,mathemactivist,pwr2dppl
218,70,2,mathematigal,ClaudioJacobo
219,100,2,mathhombre,dtkung
220,21,1,mathillustrated,amermathsoc
220,22,1,mathillustrated,AmstatNews
220,47,1,mathillustrated,BikeMath
220,51,2,mathillustrated,blviray
220,70,2,mathillustrated,ClaudioJacobo
220,164,1,mathillustrated,jmm2021
220,168,1,mathillustrated,JointMath
220,201,1,mathillustrated,maanow
220,223,5,mathillustrated,mathprofcarrie
220,228,1,mathillustrated,mathyawp
220,232,2,mathillustrated,matthematician
220,254,1,mathillustrated,nancyekress
220,257,1,mathillustrated,NCTM
220,279,4,mathillustrated,pwr2dppl
220,300,1,mathillustrated,robertqberry
220,316,4,mathillustrated,sbagley
220,336,1,mathillustrated,swirlgirl31415
220,344,2,mathillustrated,thewordninja_bk
220,345,1,mathillustrated,timchartier
220,366,2,mathillustrated,VictorPiercey1
220,370,3,mathillustrated,WanderingPoint
221,370,2,MathmoClaire,WanderingPoint
222,120,1,mathmodeling,FedericoArdila
222,179,2,mathmodeling,katebelin
222,223,2,mathmodeling,mathprofcarrie
222,292,1,mathmodeling,RG1gal
223,18,1,mathprofcarrie,AlexYarosh
223,20,1,mathprofcarrie,AliciaPL25
223,21,1,mathprofcarrie,amermathsoc
223,28,2,mathprofcarrie,ArcheyDawn
223,29,1,mathprofcarrie,ArisWinger
223,44,2,mathprofcarrie,belladoesmath
223,46,2,mathprofcarrie,benjamindickman
223,47,3,mathprofcarrie,BikeMath
223,50,7,mathprofcarrie,blkmathmagic
223,51,4,mathprofcarrie,blviray
223,55,2,mathprofcarrie,BresockCalculus
223,69,2,mathprofcarrie,CKalinecCraig
223,70,5,mathprofcarrie,ClaudioJacobo
223,71,1,mathprofcarrie,complainerstore
223,79,2,mathprofcarrie,darrenglass
223,82,1,mathprofcarrie,davidwees
223,86,4,mathprofcarrie,diazlopezmath
223,87,3,mathprofcarrie,DingleTeach
223,95,2,mathprofcarrie,DrHenryGarrett
223,97,4,mathprofcarrie,DrMRLD
223,100,1,mathprofcarrie,dtkung
223,101,1,mathprofcarrie,duanecoop
223,111,1,mathprofcarrie,ErikaTCamacho
223,115,1,mathprofcarrie,evainfeld
223,120,7,mathprofcarrie,FedericoArdila
223,124,10,mathprofcarrie,fra_berni
223,126,2,mathprofcarrie,frontLahn
223,137,1,mathprofcarrie,HaydeeLindo
223,141,1,mathprofcarrie,HirokiSayama
223,144,4,mathprofcarrie,HthrLynnJ
223,161,2,mathprofcarrie,jensilvermath
223,164,1,mathprofcarrie,jmm2021
223,168,6,mathprofcarrie,JointMath
223,179,2,mathprofcarrie,katebelin
223,182,1,mathprofcarrie,kellydholstine
223,184,2,mathprofcarrie,kenandoesmath
223,186,1,mathprofcarrie,KJMDPhD
223,188,2,mathprofcarrie,kneppkatt
223,189,2,mathprofcarrie,KristinePelatt
223,191,1,mathprofcarrie,KyJmd
223,196,20,mathprofcarrie,LoboWithACause
223,201,1,mathprofcarrie,maanow
223,208,7,mathprofcarrie,MarissaKawehi
223,211,5,mathprofcarrie,maryepilgrim
223,220,5,mathprofcarrie,mathillustrated
223,223,15,mathprofcarrie,mathprofcarrie
223,227,13,mathprofcarrie,mathyadriana
223,231,2,mathprofcarrie,MattBoelkins
223,232,4,mathprofcarrie,matthematician
223,234,2,mathprofcarrie,mayli
223,235,2,mathprofcarrie,MBarany
223,240,2,mathprofcarrie,MitchKeller
223,244,8,mathprofcarrie,monsoon0
223,245,1,mathprofcarrie,Morehouse
223,254,1,mathprofcarrie,nancyekress
223,271,2,mathprofcarrie,PamHarris1128
223,276,1,mathprofcarrie,priyam886
223,279,38,mathprofcarrie,pwr2dppl
223,287,5,mathprofcarrie,RachelleDeCoste
223,292,5,mathprofcarrie,RG1gal
223,310,3,mathprofcarrie,Sam71244027
223,314,2,mathprofcarrie,saracharala
223,316,33,mathprofcarrie,sbagley
223,317,2,mathprofcarrie,Shelby_M_Scott
223,323,2,mathprofcarrie,siwelwerd
223,326,1,mathprofcarrie,SoledadVillar5
223,327,3,mathprofcarrie,sophgermain
223,332,2,mathprofcarrie,susan_dagostino
223,344,7,mathprofcarrie,thewordninja_bk
223,345,1,mathprofcarrie,timchartier
223,362,3,mathprofcarrie,vanessaarceliaa
223,366,12,mathprofcarrie,VictorPiercey1
223,368,2,mathprofcarrie,virtualcourtney
223,370,15,mathprofcarrie,WanderingPoint
223,379,12,mathprofcarrie,xl772
223,382,1,mathprofcarrie,YouTube
224,70,2,MathTeacherJH,ClaudioJacobo
224,223,1,MathTeacherJH,mathprofcarrie
224,292,2,MathTeacherJH,RG1gal
225,370,2,mathvsoldage,WanderingPoint
226,168,2,Mathy_Jessica,JointMath
226,170,2,Mathy_Jessica,joshlaison
226,282,2,Mathy_Jessica,qsideinstitute
226,316,4,Mathy_Jessica,sbagley
227,86,2,mathyadriana,diazlopezmath
227,100,2,mathyadriana,dtkung
227,196,6,mathyadriana,LoboWithACause
227,223,3,mathyadriana,mathprofcarrie
227,227,4,mathyadriana,mathyadriana
227,279,7,mathyadriana,pwr2dppl
227,287,1,mathyadriana,RachelleDeCoste
227,292,2,mathyadriana,RG1gal
227,323,2,mathyadriana,siwelwerd
227,344,1,mathyadriana,thewordninja_bk
227,370,3,mathyadriana,WanderingPoint
227,379,1,mathyadriana,xl772
228,20,2,mathyawp,AliciaPL25
228,120,1,mathyawp,FedericoArdila
229,370,2,mathzorro,WanderingPoint
230,292,2,matienda,RG1gal
231,97,2,MattBoelkins,DrMRLD
231,168,1,MattBoelkins,JointMath
231,292,2,MattBoelkins,RG1gal
231,316,2,MattBoelkins,sbagley
231,344,2,MattBoelkins,thewordninja_bk
231,370,2,MattBoelkins,WanderingPoint
232,105,1,matthematician,ElieNYC
232,200,1,matthematician,lpachter
232,232,1,matthematician,matthematician
232,323,2,matthematician,siwelwerd
232,366,2,matthematician,VictorPiercey1
232,370,4,matthematician,WanderingPoint
233,370,1,matthewando,WanderingPoint
235,46,2,MBarany,benjamindickman
235,100,1,MBarany,dtkung
235,124,2,MBarany,fra_berni
235,164,1,MBarany,jmm2021
235,196,2,MBarany,LoboWithACause
235,208,2,MBarany,MarissaKawehi
235,223,2,MBarany,mathprofcarrie
235,227,2,MBarany,mathyadriana
235,244,2,MBarany,monsoon0
235,279,2,MBarany,pwr2dppl
235,292,2,MBarany,RG1gal
235,370,4,MBarany,WanderingPoint
236,223,2,MerGreer,mathprofcarrie
237,370,2,Methemedantics,WanderingPoint
238,97,2,Miles_Ott,DrMRLD
239,126,2,MiraWaddle,frontLahn
240,211,1,MitchKeller,maryepilgrim
240,316,2,MitchKeller,sbagley
241,100,2,mmcdermo,dtkung
241,279,2,mmcdermo,pwr2dppl
241,370,2,mmcdermo,WanderingPoint
242,292,2,mnemognose,RG1gal
243,20,2,Moni_deni,AliciaPL25
243,100,2,Moni_deni,dtkung
243,120,1,Moni_deni,FedericoArdila
243,126,2,Moni_deni,frontLahn
243,134,2,Moni_deni,GoodsiePhD
243,201,1,Moni_deni,maanow
243,336,2,Moni_deni,swirlgirl31415
243,370,2,Moni_deni,WanderingPoint
244,87,1,monsoon0,DingleTeach
244,130,5,monsoon0,gitanjalivi
244,168,3,monsoon0,JointMath
244,196,6,monsoon0,LoboWithACause
244,223,3,monsoon0,mathprofcarrie
244,244,3,monsoon0,monsoon0
244,279,3,monsoon0,pwr2dppl
244,370,2,monsoon0,WanderingPoint
246,322,2,morvjn,sister_stem
247,223,2,mostnerdy,mathprofcarrie
248,220,2,MrFink314,mathillustrated
248,345,1,MrFink314,timchartier
249,370,2,MrLeiss,WanderingPoint
250,164,1,mrweathers,jmm2021
250,223,2,mrweathers,mathprofcarrie
251,292,2,MsFnstlua,RG1gal
252,70,2,mZargham,ClaudioJacobo
252,223,1,mZargham,mathprofcarrie
253,244,2,NalinPithwa,monsoon0
255,279,2,NanehApkarian,pwr2dppl
256,164,1,nchipps,jmm2021
256,223,2,nchipps,mathprofcarrie
258,29,1,NeedhiBhalla,ArisWinger
258,201,1,NeedhiBhalla,maanow
258,366,2,NeedhiBhalla,VictorPiercey1
260,292,2,NepantlaTC,RG1gal
261,223,2,NewBayes,mathprofcarrie
263,223,2,noellebeckman,mathprofcarrie
264,208,2,notnotneil,MarissaKawehi
266,124,2,numberdance,fra_berni
266,145,1,numberdance,HZinnbrooks
266,208,2,numberdance,MarissaKawehi
266,214,2,numberdance,mathcourtney
266,316,2,numberdance,sbagley
266,370,2,numberdance,WanderingPoint
267,142,2,nwrmbing,holom0rph
267,335,1,nwrmbing,SwipeWright
268,244,2,ONUMathStat,monsoon0
269,164,1,OSUSocStEd,jmm2021
269,223,2,OSUSocStEd,mathprofcarrie
270,168,1,paaiiigeee,JointMath
270,282,2,paaiiigeee,qsideinstitute
272,184,1,PatternAvoider,kenandoesmath
272,279,1,PatternAvoider,pwr2dppl
272,366,2,PatternAvoider,VictorPiercey1
273,100,2,paultpearson,dtkung
273,164,1,paultpearson,jmm2021
273,223,2,paultpearson,mathprofcarrie
274,168,1,PhilChodrow,JointMath
274,282,2,PhilChodrow,qsideinstitute
275,292,2,PoonehSabouri,RG1gal
276,50,2,priyam886,blkmathmagic
276,101,1,priyam886,duanecoop
276,111,1,priyam886,ErikaTCamacho
276,120,3,priyam886,FedericoArdila
276,137,1,priyam886,HaydeeLindo
276,168,1,priyam886,JointMath
276,196,1,priyam886,LoboWithACause
276,208,1,priyam886,MarissaKawehi
276,223,1,priyam886,mathprofcarrie
276,234,2,priyam886,mayli
276,276,1,priyam886,priyam886
276,279,4,priyam886,pwr2dppl
276,379,1,priyam886,xl772
277,168,1,ProfNoodlearms,JointMath
277,292,2,ProfNoodlearms,RG1gal
277,316,4,ProfNoodlearms,sbagley
277,344,1,ProfNoodlearms,thewordninja_bk
277,370,2,ProfNoodlearms,WanderingPoint
278,370,2,ptwiddle,WanderingPoint
279,10,1,pwr2dppl,achambertloir
279,20,2,pwr2dppl,AliciaPL25
279,21,9,pwr2dppl,amermathsoc
279,28,1,pwr2dppl,ArcheyDawn
279,29,2,pwr2dppl,ArisWinger
279,32,3,pwr2dppl,ash_wee_k
279,39,1,pwr2dppl,AWMmath
279,44,1,pwr2dppl,belladoesmath
279,46,2,pwr2dppl,benjamindickman
279,47,10,pwr2dppl,BikeMath
279,50,10,pwr2dppl,blkmathmagic
279,51,2,pwr2dppl,blviray
279,64,1,pwr2dppl,CengageLearning
279,70,7,pwr2dppl,ClaudioJacobo
279,79,2,pwr2dppl,darrenglass
279,86,6,pwr2dppl,diazlopezmath
279,100,1,pwr2dppl,dtkung
279,101,1,pwr2dppl,duanecoop
279,111,1,pwr2dppl,ErikaTCamacho
279,120,10,pwr2dppl,FedericoArdila
279,124,5,pwr2dppl,fra_berni
279,126,2,pwr2dppl,frontLahn
279,137,1,pwr2dppl,HaydeeLindo
279,140,1,pwr2dppl,HigherGeometer
279,168,5,pwr2dppl,JointMath
279,174,2,pwr2dppl,JSEllenberg
279,179,4,pwr2dppl,katebelin
279,184,3,pwr2dppl,kenandoesmath
279,186,1,pwr2dppl,KJMDPhD
279,191,1,pwr2dppl,KyJmd
279,196,34,pwr2dppl,LoboWithACause
279,201,4,pwr2dppl,maanow
279,208,6,pwr2dppl,MarissaKawehi
279,213,2,pwr2dppl,mathbabedotorg
279,220,4,pwr2dppl,mathillustrated
279,223,30,pwr2dppl,mathprofcarrie
279,227,11,pwr2dppl,mathyadriana
279,228,1,pwr2dppl,mathyawp
279,234,2,pwr2dppl,mayli
279,244,4,pwr2dppl,monsoon0
279,254,1,pwr2dppl,nancyekress
279,270,1,pwr2dppl,paaiiigeee
279,271,1,pwr2dppl,PamHarris1128
279,276,4,pwr2dppl,priyam886
279,279,13,pwr2dppl,pwr2dppl
279,282,2,pwr2dppl,qsideinstitute
279,287,4,pwr2dppl,RachelleDeCoste
279,292,3,pwr2dppl,RG1gal
279,306,2,pwr2dppl,ruha9
279,316,22,pwr2dppl,sbagley
279,317,2,pwr2dppl,Shelby_M_Scott
279,323,2,pwr2dppl,siwelwerd
279,326,2,pwr2dppl,SoledadVillar5
279,336,2,pwr2dppl,swirlgirl31415
279,344,4,pwr2dppl,thewordninja_bk
279,345,1,pwr2dppl,timchartier
279,366,10,pwr2dppl,VictorPiercey1
279,370,16,pwr2dppl,WanderingPoint
279,378,1,pwr2dppl,XenaProject
279,379,13,pwr2dppl,xl772
280,370,2,QCohBeef,WanderingPoint
281,370,2,QED_nerds,WanderingPoint
282,168,1,qsideinstitute,JointMath
283,279,2,QuantumP7,pwr2dppl
284,208,2,quaternion_j,MarissaKawehi
286,279,2,R2D2mah,pwr2dppl
287,196,2,RachelleDeCoste,LoboWithACause
287,223,1,RachelleDeCoste,mathprofcarrie
288,208,2,rdomagalski,MarissaKawehi
290,164,1,redneurons,jmm2021
290,223,2,redneurons,mathprofcarrie
291,232,2,ResearchWrigley,matthematician
292,179,1,RG1gal,katebelin
292,370,2,RG1gal,WanderingPoint
293,245,1,rhondajohughes,Morehouse
293,332,2,rhondajohughes,susan_dagostino
294,184,1,RicciFlat,kenandoesmath
294,279,1,RicciFlat,pwr2dppl
294,366,2,RicciFlat,VictorPiercey1
295,50,1,rich_homie_kuan,blkmathmagic
295,279,2,rich_homie_kuan,pwr2dppl
296,164,1,RissaChem,jmm2021
296,223,2,RissaChem,mathprofcarrie
297,235,2,rmathematicus,MBarany
298,100,2,RobEbymathdude,dtkung
301,292,2,robinelgenubi,RG1gal
302,244,2,roger_mansuy,monsoon0
303,21,1,RomanMathquez,amermathsoc
303,201,1,RomanMathquez,maanow
303,279,2,RomanMathquez,pwr2dppl
304,100,2,rsachsgmu,dtkung
305,370,2,RubenAMartinezA,WanderingPoint
307,70,2,ryanprior,ClaudioJacobo
308,97,2,RyneVanK,DrMRLD
309,20,2,sajinkoroth,AliciaPL25
309,120,1,sajinkoroth,FedericoArdila
309,233,2,sajinkoroth,matthewando
309,316,2,sajinkoroth,sbagley
309,370,2,sajinkoroth,WanderingPoint
310,87,1,Sam71244027,DingleTeach
310,327,2,Sam71244027,sophgermain
311,370,2,samit_dasgupta,WanderingPoint
313,29,1,sandi_clement,ArisWinger
313,50,2,sandi_clement,blkmathmagic
313,70,2,sandi_clement,ClaudioJacobo
313,201,1,sandi_clement,maanow
313,223,1,sandi_clement,mathprofcarrie
313,323,2,sandi_clement,siwelwerd
313,366,2,sandi_clement,VictorPiercey1
314,279,1,saracharala,pwr2dppl
315,208,2,sarah_bockting,MarissaKawehi
315,231,2,sarah_bockting,MattBoelkins
315,316,4,sarah_bockting,sbagley
315,344,1,sarah_bockting,thewordninja_bk
315,370,2,sarah_bockting,WanderingPoint
316,11,1,sbagley,AIMathematics
316,20,2,sbagley,AliciaPL25
316,21,4,sbagley,amermathsoc
316,29,1,sbagley,ArisWinger
316,93,4,sbagley,DrClaireJanelle
316,120,2,sbagley,FedericoArdila
316,126,2,sbagley,frontLahn
316,168,34,sbagley,JointMath
316,170,4,sbagley,joshlaison
316,184,2,sbagley,kenandoesmath
316,186,1,sbagley,KJMDPhD
316,191,1,sbagley,KyJmd
316,196,1,sbagley,LoboWithACause
316,201,1,sbagley,maanow
316,208,3,sbagley,MarissaKawehi
316,211,4,sbagley,maryepilgrim
316,223,10,sbagley,mathprofcarrie
316,232,2,sbagley,matthematician
316,235,2,sbagley,MBarany
316,254,3,sbagley,nancyekress
316,279,3,sbagley,pwr2dppl
316,299,1,sbagley,robertkessler
316,316,30,sbagley,sbagley
316,323,2,sbagley,siwelwerd
316,344,2,sbagley,thewordninja_bk
316,366,4,sbagley,VictorPiercey1
316,370,5,sbagley,WanderingPoint
317,29,1,Shelby_M_Scott,ArisWinger
317,49,2,Shelby_M_Scott,BioQUESTed
317,122,1,Shelby_M_Scott,FiveThirtyEight
317,164,1,Shelby_M_Scott,jmm2021
317,168,3,Shelby_M_Scott,JointMath
317,201,2,Shelby_M_Scott,maanow
317,223,4,Shelby_M_Scott,mathprofcarrie
317,232,2,Shelby_M_Scott,matthematician
317,259,1,Shelby_M_Scott,NEON_sci
317,265,1,Shelby_M_Scott,NSFINCLUDESHub
317,285,4,Shelby_M_Scott,qubeshub
317,317,24,Shelby_M_Scott,Shelby_M_Scott
317,366,2,Shelby_M_Scott,VictorPiercey1
318,223,2,SherlockpHolmes,mathprofcarrie
318,244,4,SherlockpHolmes,monsoon0
319,106,2,shivfesta,elizabethmunch
319,168,1,shivfesta,JointMath
320,164,1,Shugars,jmm2021
320,223,2,Shugars,mathprofcarrie
321,208,2,SineOutlook,MarissaKawehi
322,164,1,sister_stem,jmm2021
322,223,1,sister_stem,mathprofcarrie
323,97,2,siwelwerd,DrMRLD
323,316,4,siwelwerd,sbagley
323,371,1,siwelwerd,washcoll
324,292,2,SJMathematics,RG1gal
325,50,3,sleepymathgrl,blkmathmagic
325,223,2,sleepymathgrl,mathprofcarrie
326,86,1,SoledadVillar5,diazlopezmath
326,196,1,SoledadVillar5,LoboWithACause
326,223,1,SoledadVillar5,mathprofcarrie
326,227,2,SoledadVillar5,mathyadriana
326,279,1,SoledadVillar5,pwr2dppl
326,287,1,SoledadVillar5,RachelleDeCoste
326,292,2,SoledadVillar5,RG1gal
326,370,3,SoledadVillar5,WanderingPoint
326,379,1,SoledadVillar5,xl772
327,82,2,sophgermain,davidwees
327,87,2,sophgermain,DingleTeach
327,223,1,sophgermain,mathprofcarrie
327,310,1,sophgermain,Sam71244027
328,79,2,ssnewbery,darrenglass
329,370,2,suburbanlion,WanderingPoint
330,279,2,sunstoneUU,pwr2dppl
331,370,2,superyarn,WanderingPoint
332,39,1,susan_dagostino,AWMmath
332,46,2,susan_dagostino,benjamindickman
332,168,1,susan_dagostino,JointMath
332,245,1,susan_dagostino,Morehouse
333,323,2,susmcgowan,siwelwerd
334,50,3,SuzanneSindi,blkmathmagic
334,164,1,SuzanneSindi,jmm2021
334,223,2,SuzanneSindi,mathprofcarrie
334,279,3,SuzanneSindi,pwr2dppl
334,370,3,SuzanneSindi,WanderingPoint
334,376,1,SuzanneSindi,xanderfaber
335,201,1,SwipeWright,maanow
336,100,1,swirlgirl31415,dtkung
336,201,1,swirlgirl31415,maanow
337,292,2,teachnext_tmb,RG1gal
338,168,1,tealismaking,JointMath
338,316,2,tealismaking,sbagley
338,344,1,tealismaking,thewordninja_bk
339,97,2,teehee_sarah,DrMRLD
340,164,1,Thalesdisciple,jmm2021
340,223,2,Thalesdisciple,mathprofcarrie
341,370,2,thebasepoint,WanderingPoint
342,370,2,thecaligarmo,WanderingPoint
343,292,2,ThembaletuMbang,RG1gal
344,47,1,thewordninja_bk,BikeMath
344,100,2,thewordninja_bk,dtkung
344,168,1,thewordninja_bk,JointMath
344,196,1,thewordninja_bk,LoboWithACause
344,220,2,thewordninja_bk,mathillustrated
344,279,3,thewordninja_bk,pwr2dppl
344,292,2,thewordninja_bk,RG1gal
344,345,1,thewordninja_bk,timchartier
345,220,2,timchartier,mathillustrated
345,345,1,timchartier,timchartier
346,164,1,timhsuSF,jmm2021
346,196,2,timhsuSF,LoboWithACause
346,223,2,timhsuSF,mathprofcarrie
348,232,2,topologybee,matthematician
349,370,2,topolojack,WanderingPoint
350,21,1,trans_versality,amermathsoc
350,164,1,trans_versality,jmm2021
350,201,1,trans_versality,maanow
350,223,2,trans_versality,mathprofcarrie
350,279,2,trans_versality,pwr2dppl
351,292,2,Trianglemancsd,RG1gal
351,370,2,Trianglemancsd,WanderingPoint
352,44,1,twistor,belladoesmath
352,70,4,twistor,ClaudioJacobo
352,79,2,twistor,darrenglass
352,196,2,twistor,LoboWithACause
352,223,3,twistor,mathprofcarrie
352,245,1,twistor,Morehouse
352,316,2,twistor,sbagley
352,332,2,twistor,susan_dagostino
352,370,2,twistor,WanderingPoint
353,370,2,twonth,WanderingPoint
354,50,2,TyLKelly,blkmathmagic
354,126,2,TyLKelly,frontLahn
354,227,1,TyLKelly,mathyadriana
354,279,3,TyLKelly,pwr2dppl
354,370,2,TyLKelly,WanderingPoint
357,279,2,USpeaks,pwr2dppl
358,379,2,uvmmathstats,xl772
359,279,2,vacuou5ly_tru3,pwr2dppl
360,323,2,Vaguery,siwelwerd
361,167,2,valeriadepaiva,JohannaF_math
361,370,2,valeriadepaiva,WanderingPoint
363,50,1,vanessainstem,blkmathmagic
363,93,4,vanessainstem,DrClaireJanelle
363,279,4,vanessainstem,pwr2dppl
363,370,2,vanessainstem,WanderingPoint
364,223,2,vianey_lb,mathprofcarrie
365,164,1,victorerikray,jmm2021
365,223,2,victorerikray,mathprofcarrie
366,21,3,VictorPiercey1,amermathsoc
366,29,1,VictorPiercey1,ArisWinger
366,57,1,VictorPiercey1,callin_bull
366,97,2,VictorPiercey1,DrMRLD
366,168,3,VictorPiercey1,JointMath
366,184,3,VictorPiercey1,kenandoesmath
366,201,5,VictorPiercey1,maanow
366,213,3,VictorPiercey1,mathbabedotorg
366,223,16,VictorPiercey1,mathprofcarrie
366,227,1,VictorPiercey1,mathyadriana
366,279,6,VictorPiercey1,pwr2dppl
366,306,1,VictorPiercey1,ruha9
366,366,2,VictorPiercey1,VictorPiercey1
366,370,1,VictorPiercey1,WanderingPoint
367,196,1,vindas_melendez,LoboWithACause
367,227,2,vindas_melendez,mathyadriana
367,370,2,vindas_melendez,WanderingPoint
368,208,2,virtualcourtney,MarissaKawehi
368,344,1,virtualcourtney,thewordninja_bk
368,366,2,virtualcourtney,VictorPiercey1
369,50,1,VRiveraQPhD,blkmathmagic
369,124,1,VRiveraQPhD,fra_berni
369,186,1,VRiveraQPhD,KJMDPhD
369,191,1,VRiveraQPhD,KyJmd
369,208,4,VRiveraQPhD,MarissaKawehi
369,227,1,VRiveraQPhD,mathyadriana
369,244,1,VRiveraQPhD,monsoon0
369,279,3,VRiveraQPhD,pwr2dppl
369,344,1,VRiveraQPhD,thewordninja_bk
370,21,1,WanderingPoint,amermathsoc
370,50,4,WanderingPoint,blkmathmagic
370,70,4,WanderingPoint,ClaudioJacobo
370,120,4,WanderingPoint,FedericoArdila
370,124,4,WanderingPoint,fra_berni
370,184,2,WanderingPoint,kenandoesmath
370,196,4,WanderingPoint,LoboWithACause
370,201,1,WanderingPoint,maanow
370,208,2,WanderingPoint,MarissaKawehi
370,223,9,WanderingPoint,mathprofcarrie
370,227,1,WanderingPoint,mathyadriana
370,279,14,WanderingPoint,pwr2dppl
370,316,6,WanderingPoint,sbagley
370,323,2,WanderingPoint,siwelwerd
370,344,1,WanderingPoint,thewordninja_bk
370,366,2,WanderingPoint,VictorPiercey1
370,370,2,WanderingPoint,WanderingPoint
370,376,1,WanderingPoint,xanderfaber
370,379,5,WanderingPoint,xl772
372,145,1,weinburd,HZinnbrooks
372,214,2,weinburd,mathcourtney
373,10,1,wizard2048,achambertloir
373,32,1,wizard2048,ash_wee_k
373,46,2,wizard2048,benjamindickman
373,64,1,wizard2048,CengageLearning
373,86,2,wizard2048,diazlopezmath
373,97,2,wizard2048,DrMRLD
373,101,1,wizard2048,duanecoop
373,111,1,wizard2048,ErikaTCamacho
373,120,2,wizard2048,FedericoArdila
373,124,2,wizard2048,fra_berni
373,137,1,wizard2048,HaydeeLindo
373,140,1,wizard2048,HigherGeometer
373,168,1,wizard2048,JointMath
373,196,3,wizard2048,LoboWithACause
373,204,2,wizard2048,malagonmath
373,223,7,wizard2048,mathprofcarrie
373,227,4,wizard2048,mathyadriana
373,234,2,wizard2048,mayli
373,244,2,wizard2048,monsoon0
373,276,1,wizard2048,priyam886
373,279,11,wizard2048,pwr2dppl
373,316,4,wizard2048,sbagley
373,370,2,wizard2048,WanderingPoint
373,378,1,wizard2048,XenaProject
373,379,4,wizard2048,xl772
374,322,2,wokewahlberg,sister_stem
375,208,2,WolverKeith,MarissaKawehi
376,164,1,xanderfaber,jmm2021
376,223,2,xanderfaber,mathprofcarrie
377,44,1,XCatepillan,belladoesmath
377,86,2,XCatepillan,diazlopezmath
379,21,4,xl772,amermathsoc
379,32,1,xl772,ash_wee_k
379,50,5,xl772,blkmathmagic
379,70,5,xl772,ClaudioJacobo
379,86,1,xl772,diazlopezmath
379,100,1,xl772,dtkung
379,120,5,xl772,FedericoArdila
379,134,2,xl772,GoodsiePhD
379,168,1,xl772,JointMath
379,196,6,xl772,LoboWithACause
379,223,8,xl772,mathprofcarrie
379,227,1,xl772,mathyadriana
379,279,13,xl772,pwr2dppl
379,282,2,xl772,qsideinstitute
379,287,1,xl772,RachelleDeCoste
379,316,2,xl772,sbagley
379,326,1,xl772,SoledadVillar5
379,366,2,xl772,VictorPiercey1
379,370,10,xl772,WanderingPoint
379,379,6,xl772,xl772
380,100,2,York_CDM,dtkung
380,164,1,York_CDM,jmm2021
380,223,2,York_CDM,mathprofcarrie
383,97,2,Zoe_MM,DrMRLD
383,366,2,Zoe_MM,VictorPiercey1
