sender,receiver,edge_type,ties
_pjames_,pwr2dppl,mention,1
_pjames_,pwr2dppl,retweet,1
_pmkr,WanderingPoint,mention,1
_pmkr,WanderingPoint,retweet,1
1Biotensegrity,RG1gal,mention,1
1Biotensegrity,RG1gal,retweet,1
41mikes,jmm2021,mention,1
41mikes,mathprofcarrie,mention,1
41mikes,mathprofcarrie,retweet,1
abbaskins,jmm2021,mention,1
abbaskins,mathprofcarrie,mention,1
abbaskins,mathprofcarrie,retweet,1
AbelOtuya,mathprofcarrie,mention,1
AbelOtuya,mathprofcarrie,retweet,1
aboufade,WanderingPoint,mention,1
aboufade,WanderingPoint,retweet,1
AbsurdistPedant,WanderingPoint,mention,1
AbsurdistPedant,WanderingPoint,retweet,1
Acertaintom,VictorPiercey1,mention,3
Acertaintom,VictorPiercey1,retweet,3
achambertloir,arretsurimages,mention,1
achambertloir,CecileMichaut,mention,1
achambertloir,CecileMichaut,reply,1
achambertloir,jmm2021,mention,1
achambertloir,JohannaF_math,mention,1
achambertloir,JohannaF_math,retweet,1
achambertloir,Laelia_Ve,mention,1
achambertloir,mathprofcarrie,mention,1
achambertloir,mathprofcarrie,retweet,1
achambertloir,realUNIVfrance,mention,1
AJ72826261,KJMDPhD,retweet,1
AJ72826261,KyJmd,mention,1
AlBell42017,BillOpenmind,mention,1
AlBell42017,BillOpenmind,retweet,1
AlbertTLunde,belladoesmath,retweet,1
AlexGalarce,mathyadriana,mention,1
AlexGalarce,WanderingPoint,mention,1
AlexGalarce,WanderingPoint,retweet,1
AlexPHoover,frontLahn,mention,1
AlexPHoover,frontLahn,retweet,1
algebrandis,blkmathmagic,mention,1
algebrandis,frontLahn,mention,1
algebrandis,frontLahn,retweet,1
algebrandis,mathprofcarrie,mention,2
algebrandis,mathprofcarrie,retweet,2
algebrandis,pwr2dppl,mention,1
algebrandis,pwr2dppl,retweet,1
algebrandis,sbagley,mention,1
algebrandis,sbagley,retweet,1
AliciaPL25,dtkung,mention,1
AliciaPL25,FedericoArdila,mention,1
AliciaPL25,youngstownstate,mention,1
anitochdz,frontLahn,mention,1
anitochdz,frontLahn,retweet,1
anna_c_nelson,HZinnbrooks,mention,1
anna_c_nelson,mathcourtney,mention,1
anna_c_nelson,mathcourtney,retweet,1
annakmil,jmm2021,mention,1
annakmil,mathprofcarrie,mention,1
annakmil,mathprofcarrie,retweet,1
annarden,RG1gal,mention,1
annarden,RG1gal,retweet,1
AnnClifton9,WanderingPoint,mention,1
AnnClifton9,WanderingPoint,retweet,1
ArcheyDawn,ArcheyDawn,mention,1
ArcheyDawn,diazlopezmath,mention,2
ArcheyDawn,LoboWithACause,mention,2
ArcheyDawn,mathprofcarrie,mention,2
ArcheyDawn,mathprofcarrie,retweet,1
ArcheyDawn,mathyadriana,mention,2
ArcheyDawn,mathyadriana,reply,1
ArcheyDawn,pwr2dppl,mention,2
ArcheyDawn,RachelleDeCoste,mention,2
ArcheyDawn,WanderingPoint,mention,2
ArcheyDawn,xl772,mention,2
arsuaga3,WanderingPoint,mention,1
arsuaga3,WanderingPoint,retweet,1
ash_wee_k,LoboWithACause,mention,1
ash_wee_k,LoboWithACause,retweet,1
ash_wee_k,WanderingPoint,mention,1
ash_wee_k,WanderingPoint,retweet,1
askmrsmartinez,RG1gal,mention,1
askmrsmartinez,RG1gal,retweet,1
astrojipjawej,jmm2021,mention,1
astrojipjawej,mathprofcarrie,mention,1
astrojipjawej,mathprofcarrie,retweet,1
Atabey_Kaygun,matthematician,mention,1
Atabey_Kaygun,matthematician,retweet,1
Audrey_Mendivil,RG1gal,mention,1
Audrey_Mendivil,RG1gal,retweet,1
AuroraBirdialis,JointMath,mention,1
AuroraBirdialis,sbagley,mention,4
AuroraBirdialis,sbagley,retweet,4
awmadvance,blviray,mention,1
awmadvance,blviray,retweet,1
awmadvance,pwr2dppl,mention,1
awmadvance,WanderingPoint,mention,1
AWMmath,Morehouse,mention,1
AWMmath,susan_dagostino,mention,1
AWMmath,susan_dagostino,retweet,1
BarbaraFantechi,ArisWinger,mention,1
BarbaraFantechi,belladoesmath,retweet,1
BarbaraFantechi,darrenglass,mention,1
BarbaraFantechi,darrenglass,retweet,1
BarbaraFantechi,maanow,mention,1
BarbaraFantechi,monsoon0,mention,1
BarbaraFantechi,monsoon0,retweet,1
BarbaraFantechi,pwr2dppl,mention,1
BarbaraFantechi,pwr2dppl,retweet,1
BarbaraFantechi,VictorPiercey1,mention,1
BarbaraFantechi,VictorPiercey1,retweet,1
BarbaraFantechi,WanderingPoint,mention,2
BarbaraFantechi,WanderingPoint,retweet,2
BarbaraJaneGunn,AliciaPL25,mention,1
BarbaraJaneGunn,AliciaPL25,retweet,1
BarbaraJaneGunn,FedericoArdila,mention,1
bat_scholar,WanderingPoint,mention,1
bat_scholar,WanderingPoint,retweet,1
bearboyf,jmm2021,mention,1
bearboyf,mathprofcarrie,mention,1
bearboyf,mathprofcarrie,retweet,1
BenisConsumer,BresockCalculus,mention,1
BenisConsumer,BresockCalculus,reply,1
benjamindickman,achambertloir,mention,1
benjamindickman,AlexandraBerke,mention,1
benjamindickman,AliciaPL25,mention,1
benjamindickman,AliciaPL25,retweet,1
benjamindickman,amermathsoc,mention,2
benjamindickman,amermathsoc,quote-tweet,1
benjamindickman,BarbaraFantechi,mention,1
benjamindickman,benjamindickman,quote-tweet,2
benjamindickman,blkmathmagic,mention,2
benjamindickman,blkmathmagic,reply,1
benjamindickman,blviray,mention,1
benjamindickman,blviray,retweet,1
benjamindickman,diazlopezmath,mention,1
benjamindickman,diazlopezmath,retweet,1
benjamindickman,FedericoArdila,mention,1
benjamindickman,GlobalMathDept,quote-tweet,1
benjamindickman,HigherGeometer,mention,1
benjamindickman,jmm2021,mention,1
benjamindickman,JointMath,mention,1
benjamindickman,joshuazucker,mention,1
benjamindickman,joshuazucker,reply,1
benjamindickman,LoboWithACause,mention,2
benjamindickman,LoboWithACause,retweet,1
benjamindickman,lpachter,mention,1
benjamindickman,mathprofcarrie,mention,2
benjamindickman,mathprofcarrie,retweet,2
benjamindickman,mathyadriana,mention,1
benjamindickman,mathyadriana,retweet,1
benjamindickman,monsoon0,mention,1
benjamindickman,monsoon0,retweet,1
benjamindickman,pwr2dppl,mention,3
benjamindickman,pwr2dppl,retweet,1
benjamindickman,samjshah2,mention,1
benjamindickman,sbagley,mention,1
benjamindickman,sbagley,retweet,1
benjamindickman,thewordninja_bk,mention,1
benjamindickman,todosmath,mention,1
benjamindickman,WanderingPoint,mention,2
benjamindickman,WanderingPoint,retweet,1
benjamindickman,XenaProject,mention,1
BikeMath,matthematician,mention,1
BikeMath,matthematician,retweet,1
BikeMath,pwr2dppl,mention,4
BikeMath,pwr2dppl,reply,3
BikeMath,sbagley,mention,1
BikeMath,sbagley,retweet,1
BikeMath,thewordninja_bk,mention,2
BikeMath,thewordninja_bk,reply,1
BikeMath,WanderingPoint,mention,1
BikeMath,WanderingPoint,retweet,1
BillOpenmind,BillOpenmind,mention,1
BillOpenmind,BillOpenmind,retweet,1
blkmathmagic,blkmathmagic,mention,1
blkmathmagic,blkmathmagic,reply,3
blkmathmagic,FedericoArdila,mention,2
blkmathmagic,jmm2021,mention,1
blkmathmagic,LoboWithACause,mention,2
blkmathmagic,MarissaKawehi,mention,3
blkmathmagic,MarissaKawehi,reply,2
blkmathmagic,MarissaKawehi,retweet,1
blkmathmagic,mathprofcarrie,mention,4
blkmathmagic,mathprofcarrie,retweet,1
blkmathmagic,priyam886,mention,2
blkmathmagic,pwr2dppl,mention,4
blkmathmagic,pwr2dppl,quote-tweet,1
blkmathmagic,pwr2dppl,retweet,1
blkmathmagic,sbagley,mention,1
blkmathmagic,sbagley,retweet,1
blkmathmagic,vanessaarceliaa,mention,2
blkmathmagic,vanessaarceliaa,reply,1
blkmathmagic,WanderingPoint,mention,1
blkmathmagic,WanderingPoint,retweet,1
blkmathmagic,xl772,mention,2
blviray,FedericoArdila,mention,1
blviray,priyam886,quote-tweet,1
blviray,pwr2dppl,mention,1
blviray,WanderingPoint,mention,1
BmcChem,jmm2021,mention,1
BmcChem,mathprofcarrie,mention,1
BmcChem,mathprofcarrie,retweet,1
bmgilland,WanderingPoint,mention,1
bmgilland,WanderingPoint,retweet,1
BrandauerJ,DrMRLD,mention,1
BrandauerJ,DrMRLD,retweet,1
Cal_Q_L8,HZinnbrooks,mention,1
Cal_Q_L8,mathcourtney,mention,1
Cal_Q_L8,mathcourtney,retweet,1
CardColm,monsoon0,mention,1
CardColm,monsoon0,retweet,1
Category_Fury,mathyadriana,mention,1
Category_Fury,WanderingPoint,mention,1
Category_Fury,WanderingPoint,retweet,1
Cayleygrapher,vanessaarceliaa,mention,1
Cayleygrapher,vanessaarceliaa,reply,1
ccshan,WanderingPoint,mention,1
ccshan,WanderingPoint,retweet,1
CecileMichaut,arretsurimages,mention,1
CecileMichaut,Laelia_Ve,mention,1
CecileMichaut,Laelia_Ve,reply,1
CecileMichaut,realUNIVfrance,mention,1
CeritDr,WanderingPoint,mention,1
CeritDr,WanderingPoint,retweet,1
ChengSoonOng,mathyadriana,mention,1
ChengSoonOng,WanderingPoint,mention,1
ChengSoonOng,WanderingPoint,retweet,1
ChristianJaeh,WanderingPoint,mention,1
ChristianJaeh,WanderingPoint,retweet,1
cjp_still,matthewando,mention,1
cjp_still,matthewando,retweet,1
CKalinecCraig,blkmathmagic,quote-tweet,1
ClaudioJacobo,ClaudioJacobo,reply,1
ClaudioJacobo,mathprofcarrie,mention,1
ClaudioJacobo,uchicagogsu,mention,1
ComplexWales,BillOpenmind,mention,1
ComplexWales,BillOpenmind,retweet,1
CompStatsGeom,AliciaPL25,mention,1
CompStatsGeom,AliciaPL25,retweet,1
CompStatsGeom,FedericoArdila,mention,1
con_nect_ed,belladoesmath,retweet,1
cordesm,WanderingPoint,mention,1
cordesm,WanderingPoint,retweet,1
ctheobarker,monsoon0,mention,1
ctheobarker,monsoon0,retweet,1
ctheobarker,RG1gal,mention,2
ctheobarker,RG1gal,retweet,2
ctheobarker,siwelwerd,mention,1
ctheobarker,siwelwerd,retweet,1
ctheobarker,WanderingPoint,mention,1
ctheobarker,WanderingPoint,retweet,1
dagan_karp,WanderingPoint,mention,1
dagan_karp,WanderingPoint,retweet,1
dana_neidinger,mathprofcarrie,mention,1
dana_neidinger,mathprofcarrie,retweet,1
daveinstpaul,WanderingPoint,mention,1
daveinstpaul,WanderingPoint,retweet,1
davewripley,WanderingPoint,mention,1
davewripley,WanderingPoint,retweet,1
davidwees,davidwees,reply,1
davidwees,DingleTeach,mention,2
davidwees,DingleTeach,reply,1
davidwees,mathprofcarrie,mention,3
davidwees,Sam71244027,mention,2
davidwees,sophgermain,mention,2
dbdoughe,WanderingPoint,mention,1
dbdoughe,WanderingPoint,retweet,1
declan_hoare,MarissaKawehi,mention,1
declan_hoare,MarissaKawehi,retweet,1
DeirdreM10,DrMRLD,mention,1
DeirdreM10,DrMRLD,retweet,1
diazlopezmath,amermathsoc,mention,1
diazlopezmath,cath2math,mention,1
diazlopezmath,diazlopezmath,reply,2
diazlopezmath,JointMath,mention,1
diazlopezmath,kenandoesmath,mention,1
diazlopezmath,LoboWithACause,mention,1
diazlopezmath,mathprofcarrie,mention,1
diazlopezmath,mathyadriana,mention,1
diazlopezmath,pwr2dppl,mention,3
diazlopezmath,RachelleDeCoste,mention,1
diazlopezmath,VictorPiercey1,mention,1
diazlopezmath,VictorPiercey1,retweet,1
diazlopezmath,WanderingPoint,mention,3
diazlopezmath,WanderingPoint,retweet,2
diazlopezmath,xl772,mention,1
DingleTeach,benjamindickman,mention,1
DingleTeach,benjamindickman,retweet,1
DingleTeach,DingleTeach,mention,1
DingleTeach,HthrLynnJ,mention,1
DingleTeach,HthrLynnJ,retweet,1
DingleTeach,LoboWithACause,mention,1
DingleTeach,mathprofcarrie,mention,1
DingleTeach,mathprofcarrie,reply,1
DingleTeach,Sam71244027,mention,1
DingleTeach,sophgermain,mention,1
DingleTeach,WanderingPoint,mention,1
DingleTeach,WanderingPoint,retweet,1
DLeslieLancs,WanderingPoint,mention,1
DLeslieLancs,WanderingPoint,retweet,1
Doc_Kat,pwr2dppl,mention,1
Doc_Kat,pwr2dppl,retweet,1
Doc_Kat,WanderingPoint,mention,1
Doc_Kat,WanderingPoint,retweet,1
drbehardisty,siwelwerd,mention,1
drbehardisty,siwelwerd,retweet,1
DrBKirkpatrick,sbagley,mention,1
DrBKirkpatrick,sbagley,reply,1
DrBrandyMath,DrBrandyMath,reply,1
DrBrandyMath,dtkung,mention,3
DrBrandyMath,maanow,mention,2
DrBrandyMath,MarissaKawehi,mention,1
DrBrandyMath,MarissaKawehi,retweet,1
DrBrandyMath,WanderingPoint,quote-tweet,1
DrClaireJanelle,blkmathmagic,mention,1
DrClaireJanelle,DrClaireJanelle,reply,1
DrClaireJanelle,jmm2021,mention,1
DrClaireJanelle,mathprofcarrie,mention,1
DrClaireJanelle,mathprofcarrie,retweet,1
DrClaireJanelle,pwr2dppl,mention,1
DrClaireJanelle,pwr2dppl,retweet,1
DrErikaBullock,RG1gal,mention,1
DrErikaBullock,RG1gal,retweet,1
DrHenryGarrett,achambertloir,mention,1
DrHenryGarrett,benjamindickman,mention,2
DrHenryGarrett,benjamindickman,retweet,2
DrHenryGarrett,DrMRLD,mention,1
DrHenryGarrett,DrMRLD,retweet,1
DrHenryGarrett,HigherGeometer,mention,1
DrHenryGarrett,jensilvermath,mention,1
DrHenryGarrett,jensilvermath,retweet,1
DrHenryGarrett,kellydholstine,mention,1
DrHenryGarrett,mathcourtney,quote-tweet,1
DrHenryGarrett,mathillustrated,mention,1
DrHenryGarrett,mathillustrated,retweet,1
DrHenryGarrett,timchartier,mention,1
DrHenryGarrett,washcoll,mention,1
DrHenryGarrett,XenaProject,mention,1
DrHenryGarrett,YouTube,mention,1
drjamesalvarez,mathprofcarrie,mention,1
drjamesalvarez,mathprofcarrie,retweet,1
DrMRLD,darrenglass,quote-tweet,1
DrMRLD,DrMRLD,quote-tweet,1
DrMRLD,DrMRLD,reply,1
DrMRLD,dtkung,mention,1
DrMRLD,siwelwerd,quote-tweet,1
DrMRLD,WanderingPoint,mention,2
DrMRLD,WanderingPoint,quote-tweet,1
DrMRLD,WanderingPoint,retweet,1
DrMRLD,washcoll,mention,1
DrMRLD,xanderfaber,mention,1
dropoutnation,WanderingPoint,mention,1
dropoutnation,WanderingPoint,retweet,1
drspoulsen,DrMRLD,mention,3
drspoulsen,DrMRLD,retweet,3
drspoulsen,mathillustrated,mention,1
drspoulsen,mathillustrated,retweet,1
drspoulsen,timchartier,mention,1
drspoulsen,WanderingPoint,mention,2
drspoulsen,WanderingPoint,retweet,2
drspoulsen,washcoll,mention,1
dtkung,dtkung,quote-tweet,1
dtkung,dtkung,reply,2
dtkung,FedericoArdila,mention,1
dtkung,JointMath,mention,1
dtkung,maanow,mention,1
dtkung,maanow,quote-tweet,1
ecology_chris,pwr2dppl,mention,1
ecology_chris,pwr2dppl,retweet,1
ecology_chris,Shelby_M_Scott,mention,1
ecology_chris,Shelby_M_Scott,retweet,1
EdsiNetwork,ClaudioJacobo,mention,1
EdsiNetwork,ClaudioJacobo,retweet,1
EdsiNetwork,mathprofcarrie,mention,2
EdsiNetwork,mathprofcarrie,retweet,1
EdsiNetwork,pwr2dppl,mention,1
EdsiNetwork,vanessaarceliaa,mention,1
EdsiNetwork,WanderingPoint,mention,1
EdsiNetwork,WanderingPoint,retweet,1
ef_math,virtualcourtney,mention,1
ef_math,virtualcourtney,retweet,1
elizabethmunch,JointMath,mention,1
elizabethmunch,mathyadriana,mention,1
elizabethmunch,mathyadriana,retweet,1
elizabethmunch,pwr2dppl,mention,2
elizabethmunch,pwr2dppl,retweet,2
elizabethmunch,WanderingPoint,mention,1
elizabethmunch,WanderingPoint,retweet,1
EllisMathEd,jmm2021,mention,1
EllisMathEd,mathprofcarrie,mention,1
EllisMathEd,mathprofcarrie,retweet,1
emilyriehl,blviray,mention,1
emilyriehl,blviray,retweet,1
emilyriehl,pwr2dppl,mention,2
emilyriehl,pwr2dppl,retweet,1
emilyriehl,WanderingPoint,mention,2
emilyriehl,WanderingPoint,retweet,1
EmilyTWinn13,MarissaKawehi,mention,1
EmilyTWinn13,MarissaKawehi,retweet,1
Enchilaudanum,LoboWithACause,mention,1
Enchilaudanum,mathyadriana,mention,1
Enchilaudanum,mathyadriana,retweet,1
Enchilaudanum,matthematician,mention,1
Enchilaudanum,matthematician,retweet,1
Enchilaudanum,WanderingPoint,mention,2
Enchilaudanum,WanderingPoint,retweet,1
eringriffin003,jmm2021,mention,1
eringriffin003,mathprofcarrie,mention,1
eringriffin003,mathprofcarrie,retweet,1
ESMathTeacher,KJMDPhD,retweet,1
ESMathTeacher,KyJmd,mention,1
eterEphemeral,mathyadriana,mention,1
eterEphemeral,WanderingPoint,mention,1
eterEphemeral,WanderingPoint,retweet,1
evelynjlamb,frontLahn,mention,1
evelynjlamb,frontLahn,retweet,1
EWhitteck,siwelwerd,quote-tweet,1
eyescientific,blkmathmagic,mention,2
eyescientific,blkmathmagic,retweet,2
eyescientific,MarissaKawehi,mention,1
eyescientific,MarissaKawehi,retweet,1
eyescientific,pwr2dppl,mention,1
f_futamura,WanderingPoint,mention,1
f_futamura,WanderingPoint,retweet,1
FedericoArdila,duanecoop,mention,1
FedericoArdila,ErikaTCamacho,mention,1
FedericoArdila,FedericoArdila,reply,1
FedericoArdila,HaydeeLindo,mention,1
FedericoArdila,JointMath,mention,2
FedericoArdila,LoboWithACause,mention,1
FedericoArdila,mathprofcarrie,mention,1
FedericoArdila,mayli,mention,2
FedericoArdila,priyam886,mention,1
FedericoArdila,pwr2dppl,mention,1
FedericoArdila,RG1gal,mention,1
FedericoArdila,RG1gal,retweet,1
FedericoArdila,WanderingPoint,mention,1
FedericoArdila,WanderingPoint,quote-tweet,1
FidgeyB,WanderingPoint,mention,1
FidgeyB,WanderingPoint,retweet,1
FolaAgusto,jmm2021,mention,1
FolaAgusto,mathprofcarrie,mention,1
FolaAgusto,mathprofcarrie,retweet,1
fra_berni,blkmathmagic,mention,1
fra_berni,ClaudioJacobo,mention,1
fra_berni,FedericoArdila,mention,1
fra_berni,fra_berni,reply,6
fra_berni,JointMath,mention,2
fra_berni,LoboWithACause,mention,4
fra_berni,MarissaRenardy,mention,1
fra_berni,mathprofcarrie,mention,1
fra_berni,PamHarris1128,mention,3
fra_berni,pwr2dppl,mention,3
fra_berni,pwr2dppl,retweet,1
fra_berni,qsideinstitute,mention,1
fra_berni,qsideinstitute,retweet,1
fra_berni,WanderingPoint,mention,1
fra_berni,WanderingPoint,reply,1
fra_berni,xl772,mention,1
fraarici,WanderingPoint,mention,1
fraarici,WanderingPoint,retweet,1
frontLahn,frontLahn,quote-tweet,1
frontLahn,mathprofcarrie,mention,1
frontLahn,mathprofcarrie,retweet,1
frontLahn,pwr2dppl,mention,2
frontLahn,pwr2dppl,retweet,2
frontLahn,sbagley,mention,2
frontLahn,sbagley,retweet,2
G2Campbell,blviray,mention,1
G2Campbell,blviray,retweet,1
G2Campbell,pwr2dppl,mention,1
G2Campbell,WanderingPoint,mention,1
GaryAdolphson,jmm2021,mention,1
GaryAdolphson,mathprofcarrie,mention,1
GaryAdolphson,mathprofcarrie,retweet,1
geonz,RG1gal,mention,1
geonz,RG1gal,retweet,1
gitanjalivi,monsoon0,mention,2
gitanjalivi,monsoon0,reply,2
GizemKaraali_,JointMath,mention,1
GizemKaraali_,kenandoesmath,mention,1
GizemKaraali_,KJMDPhD,retweet,1
GizemKaraali_,KyJmd,mention,1
GizemKaraali_,maanow,mention,1
GizemKaraali_,mathbabedotorg,mention,1
GizemKaraali_,mathprofcarrie,mention,1
GizemKaraali_,mathprofcarrie,retweet,1
GizemKaraali_,RG1gal,mention,1
GizemKaraali_,RG1gal,retweet,1
GizemKaraali_,sbagley,mention,1
GizemKaraali_,sbagley,retweet,1
GizemKaraali_,VictorPiercey1,mention,1
GizemKaraali_,VictorPiercey1,retweet,1
GizemKaraali_,WanderingPoint,mention,1
GizemKaraali_,WanderingPoint,retweet,1
gleuschk,dtkung,mention,1
gleuschk,maanow,mention,1
gleuschk,swirlgirl31415,mention,1
gleuschk,swirlgirl31415,retweet,1
GoodsiePhD,dtkung,mention,1
GoodsiePhD,jmm2021,mention,2
GoodsiePhD,mathprofcarrie,mention,1
GoodsiePhD,mathprofcarrie,retweet,1
GuldenKarakok,sbagley,mention,1
GuldenKarakok,sbagley,retweet,1
hannahfenster93,monsoon0,mention,1
hannahfenster93,monsoon0,retweet,1
HaydeeLindo,dtkung,mention,1
HaydeeLindo,GoodsiePhD,mention,1
HaydeeLindo,GoodsiePhD,retweet,1
heidifessenden,RG1gal,mention,1
heidifessenden,RG1gal,retweet,1
HeyHeresSteve,KJMDPhD,retweet,1
HeyHeresSteve,KyJmd,mention,1
HeyHeresSteve,WanderingPoint,mention,1
HeyHeresSteve,WanderingPoint,retweet,1
holom0rph,SwipeWright,mention,1
holom0rph,SwipeWright,reply,1
howe,ClaudioJacobo,mention,1
howe,ClaudioJacobo,retweet,1
HthrLynnJ,DingleTeach,mention,1
HthrLynnJ,HthrLynnJ,reply,1
HthrLynnJ,LoboWithACause,mention,2
HthrLynnJ,mathprofcarrie,mention,1
HthrLynnJ,mathprofcarrie,retweet,1
HthrLynnJ,pwr2dppl,mention,1
HthrLynnJ,pwr2dppl,retweet,1
ilaba,WanderingPoint,mention,1
ilaba,WanderingPoint,retweet,1
ilana_horn,RG1gal,mention,1
ilana_horn,RG1gal,retweet,1
ipnosimmia,WanderingPoint,mention,1
ipnosimmia,WanderingPoint,retweet,1
j_lanier,WanderingPoint,mention,1
j_lanier,WanderingPoint,retweet,1
jackrsturm,jmm2021,mention,1
jackrsturm,mathprofcarrie,mention,1
jackrsturm,mathprofcarrie,retweet,1
jacksonfulton2,blkmathmagic,mention,1
jacksonfulton2,MarissaKawehi,mention,1
jacksonfulton2,MarissaKawehi,reply,1
jacksonmorris_,sbagley,mention,1
jacksonmorris_,sbagley,retweet,1
JadeMasterMath,WanderingPoint,mention,1
JadeMasterMath,WanderingPoint,retweet,1
jajensen681,LoboWithACause,mention,1
jajensen681,mathyadriana,mention,1
jajensen681,mathyadriana,retweet,1
jajensen681,pwr2dppl,mention,2
jajensen681,pwr2dppl,retweet,2
jasonemiller,DrMRLD,mention,1
jasonemiller,DrMRLD,retweet,1
JasonWilliamsNY,mathprofcarrie,mention,1
JasonWilliamsNY,monsoon0,mention,1
JasonWilliamsNY,monsoon0,retweet,1
JeffGraham15,JointMath,mention,1
JeffGraham15,qsideinstitute,mention,1
JeffGraham15,qsideinstitute,retweet,1
jen_loescher,RG1gal,mention,1
jen_loescher,RG1gal,retweet,1
jennalaib,benjamindickman,mention,1
jennalaib,benjamindickman,retweet,1
jensilvermath,kellydholstine,mention,1
jensilvermath,YouTube,mention,1
jessalynalyn,WanderingPoint,mention,1
jessalynalyn,WanderingPoint,retweet,1
JessieLenarz,WanderingPoint,mention,1
JessieLenarz,WanderingPoint,retweet,1
JoannaWares,sbagley,mention,1
JoannaWares,sbagley,retweet,1
JoFerMedina,mathprofcarrie,mention,1
JoFerMedina,mathprofcarrie,retweet,1
JohannaF_math,HZinnbrooks,mention,1
JohannaF_math,JohannaF_math,reply,2
JohannaF_math,mathcourtney,mention,1
JohannaF_math,mathcourtney,retweet,1
JohannaF_math,mathillustrated,mention,1
JohannaF_math,mathillustrated,retweet,1
JohannaF_math,timchartier,mention,1
JointMath,AliciaPL25,mention,1
JointMath,AliciaPL25,retweet,1
JointMath,ArisWinger,mention,1
JointMath,blkmathmagic,mention,1
JointMath,blkmathmagic,retweet,1
JointMath,CKalinecCraig,mention,1
JointMath,CKalinecCraig,retweet,1
JointMath,ClaudioJacobo,mention,2
JointMath,ClaudioJacobo,retweet,2
JointMath,darrenglass,mention,1
JointMath,darrenglass,retweet,1
JointMath,diazlopezmath,mention,1
JointMath,DingleTeach,mention,1
JointMath,DrMRLD,mention,1
JointMath,DrMRLD,retweet,1
JointMath,dtkung,mention,3
JointMath,dtkung,retweet,1
JointMath,duanecoop,mention,1
JointMath,elizabethmunch,mention,1
JointMath,elizabethmunch,retweet,1
JointMath,ErikaTCamacho,mention,1
JointMath,FedericoArdila,mention,3
JointMath,FedericoArdila,retweet,1
JointMath,fra_berni,mention,3
JointMath,fra_berni,retweet,2
JointMath,frontLahn,mention,1
JointMath,frontLahn,retweet,1
JointMath,HaydeeLindo,mention,1
JointMath,HthrLynnJ,mention,2
JointMath,HthrLynnJ,retweet,2
JointMath,jmm2021,mention,1
JointMath,JointMath,mention,10
JointMath,joshlaison,mention,1
JointMath,joshlaison,retweet,1
JointMath,katebelin,mention,1
JointMath,katebelin,retweet,1
JointMath,kenandoesmath,mention,2
JointMath,KristinePelatt,mention,1
JointMath,KristinePelatt,retweet,1
JointMath,LoboWithACause,mention,16
JointMath,LoboWithACause,retweet,2
JointMath,maanow,mention,2
JointMath,MarissaKawehi,mention,2
JointMath,MarissaKawehi,retweet,1
JointMath,mathprofcarrie,mention,22
JointMath,mathprofcarrie,retweet,15
JointMath,mathyadriana,mention,8
JointMath,mathyadriana,retweet,5
JointMath,mayli,mention,2
JointMath,MBarany,mention,2
JointMath,MBarany,retweet,2
JointMath,monsoon0,mention,8
JointMath,monsoon0,retweet,7
JointMath,Morehouse,mention,1
JointMath,nancyekress,mention,2
JointMath,PamHarris1128,mention,1
JointMath,priyam886,mention,1
JointMath,pwr2dppl,mention,11
JointMath,pwr2dppl,retweet,5
JointMath,qsideinstitute,mention,1
JointMath,qsideinstitute,retweet,1
JointMath,qubeshub,mention,1
JointMath,RachelleDeCoste,mention,3
JointMath,RachelleDeCoste,retweet,2
JointMath,RG1gal,mention,1
JointMath,sbagley,mention,17
JointMath,sbagley,retweet,17
JointMath,Shelby_M_Scott,mention,2
JointMath,Shelby_M_Scott,retweet,2
JointMath,susan_dagostino,mention,1
JointMath,susan_dagostino,retweet,1
JointMath,swirlgirl31415,mention,1
JointMath,swirlgirl31415,retweet,1
JointMath,thewordninja_bk,mention,3
JointMath,thewordninja_bk,retweet,1
JointMath,UNMLoboMBB,mention,1
JointMath,VictorPiercey1,mention,2
JointMath,VictorPiercey1,retweet,2
JointMath,WanderingPoint,mention,5
JointMath,WanderingPoint,retweet,3
JointMath,xanderfaber,mention,1
JointMath,xl772,mention,1
JookieTookie,RG1gal,mention,1
JookieTookie,RG1gal,retweet,1
joshlaison,JointMath,mention,1
joshlaison,LoboWithACause,mention,1
joshlaison,mathyadriana,mention,1
joshlaison,mathyadriana,retweet,1
joshlaison,sbagley,mention,2
joshlaison,sbagley,reply,1
joshlaison,sbagley,retweet,1
joshlaison,WanderingPoint,mention,1
joshuagrochow,WanderingPoint,mention,1
joshuagrochow,WanderingPoint,retweet,1
joshuazucker,benjamindickman,mention,1
joshuazucker,benjamindickman,reply,1
joshuazucker,blkmathmagic,mention,1
jrlookingbill,jmm2021,mention,1
jrlookingbill,mathprofcarrie,mention,1
jrlookingbill,mathprofcarrie,retweet,1
JustJules2,JointMath,mention,2
JustJules2,sbagley,mention,2
JustJules2,sbagley,retweet,2
JustJules2,thewordninja_bk,mention,1
KamerynJW,WanderingPoint,mention,1
KamerynJW,WanderingPoint,retweet,1
karikokka,RG1gal,mention,1
karikokka,RG1gal,retweet,1
karin_leiderman,jmm2021,mention,1
karin_leiderman,mathprofcarrie,mention,1
karin_leiderman,mathprofcarrie,retweet,1
katebelin,ArisWinger,mention,1
katebelin,FedericoArdila,mention,1
katebelin,RG1gal,mention,1
katemath,DrMRLD,mention,1
katemath,DrMRLD,retweet,1
katemath,sbagley,mention,1
katemath,sbagley,retweet,1
katemath,WanderingPoint,mention,1
katemath,WanderingPoint,retweet,1
katemath,washcoll,mention,1
kay314159,jmm2021,mention,1
kay314159,mathprofcarrie,mention,1
kay314159,mathprofcarrie,retweet,1
kay314159,pwr2dppl,mention,1
kay314159,pwr2dppl,retweet,1
kay314159,WanderingPoint,mention,1
kay314159,WanderingPoint,retweet,1
kellyyyruth,jmm2021,mention,1
kellyyyruth,mathprofcarrie,mention,1
kellyyyruth,mathprofcarrie,retweet,1
kim_yoak,jmm2021,mention,1
kim_yoak,mathprofcarrie,mention,1
kim_yoak,mathprofcarrie,retweet,1
KJMDPhD,LoboWithACause,mention,1
KJMDPhD,LoboWithACause,retweet,1
KJMDPhD,WanderingPoint,quote-tweet,1
kmkinnaird,DrMRLD,mention,1
kmkinnaird,DrMRLD,retweet,1
kmkinnaird,JointMath,mention,2
kmkinnaird,JSEllenberg,quote-tweet,1
kmkinnaird,mathprofcarrie,mention,1
kmkinnaird,mathprofcarrie,retweet,1
kmkinnaird,MattBoelkins,mention,2
kmkinnaird,MattBoelkins,retweet,2
kmkinnaird,matthematician,mention,1
kmkinnaird,matthematician,retweet,1
kmkinnaird,MBarany,mention,1
kmkinnaird,MBarany,retweet,1
kmkinnaird,nancyekress,mention,1
kmkinnaird,pwr2dppl,mention,1
kmkinnaird,pwr2dppl,retweet,1
kmkinnaird,qsideinstitute,mention,1
kmkinnaird,qsideinstitute,retweet,1
kmkinnaird,sbagley,mention,5
kmkinnaird,sbagley,retweet,5
kmkinnaird,thewordninja_bk,mention,2
kmkinnaird,VictorPiercey1,mention,1
kmkinnaird,VictorPiercey1,retweet,1
kmkinnaird,WanderingPoint,mention,3
kmkinnaird,WanderingPoint,retweet,2
kneppkatt,MarissaKawehi,mention,2
kneppkatt,MarissaKawehi,reply,1
kneppkatt,MarissaKawehi,retweet,1
KristinePelatt,WanderingPoint,quote-tweet,1
KristinLauter,mathyadriana,mention,1
KristinLauter,WanderingPoint,mention,1
KristinLauter,WanderingPoint,retweet,1
Laelia_Ve,arretsurimages,mention,1
LauraVHawkins,benjamindickman,mention,1
LauraVHawkins,benjamindickman,retweet,1
LauraVHawkins,siwelwerd,mention,1
LauraVHawkins,siwelwerd,retweet,1
libbyk_,MarissaKawehi,mention,1
libbyk_,MarissaKawehi,retweet,1
LisaSkultety,WanderingPoint,mention,1
LisaSkultety,WanderingPoint,retweet,1
LoboWithACause,amermathsoc,quote-tweet,1
LoboWithACause,ArisWinger,mention,1
LoboWithACause,ash_wee_k,mention,1
LoboWithACause,belladoesmath,retweet,2
LoboWithACause,blkmathmagic,mention,2
LoboWithACause,blkmathmagic,quote-tweet,1
LoboWithACause,blkmathmagic,retweet,1
LoboWithACause,ClaudioJacobo,mention,2
LoboWithACause,ClaudioJacobo,retweet,2
LoboWithACause,diazlopezmath,mention,1
LoboWithACause,DrBrandyMath,quote-tweet,1
LoboWithACause,DrMRLD,mention,1
LoboWithACause,DrMRLD,retweet,1
LoboWithACause,evainfeld,mention,1
LoboWithACause,evainfeld,retweet,1
LoboWithACause,FedericoArdila,mention,1
LoboWithACause,frontLahn,mention,1
LoboWithACause,frontLahn,retweet,1
LoboWithACause,itatiVCS,quote-tweet,1
LoboWithACause,jmm2021,mention,1
LoboWithACause,kenandoesmath,mention,2
LoboWithACause,KJMDPhD,retweet,1
LoboWithACause,KyJmd,mention,1
LoboWithACause,LoboWithACause,mention,1
LoboWithACause,LoboWithACause,quote-tweet,1
LoboWithACause,LoboWithACause,reply,9
LoboWithACause,loumatthewslive,quote-tweet,1
LoboWithACause,maanow,mention,1
LoboWithACause,MarissaKawehi,mention,2
LoboWithACause,MarissaKawehi,quote-tweet,1
LoboWithACause,MarissaKawehi,retweet,1
LoboWithACause,mathillustrated,mention,1
LoboWithACause,mathillustrated,retweet,1
LoboWithACause,mathprofcarrie,mention,8
LoboWithACause,mathprofcarrie,quote-tweet,2
LoboWithACause,mathprofcarrie,retweet,4
LoboWithACause,mathyadriana,mention,1
LoboWithACause,MattBoelkins,mention,1
LoboWithACause,MattBoelkins,retweet,1
LoboWithACause,matthematician,mention,1
LoboWithACause,matthematician,retweet,1
LoboWithACause,NMPinonCoffee,mention,1
LoboWithACause,priyam886,mention,1
LoboWithACause,pwr2dppl,mention,7
LoboWithACause,pwr2dppl,quote-tweet,1
LoboWithACause,pwr2dppl,reply,1
LoboWithACause,pwr2dppl,retweet,4
LoboWithACause,RachelleDeCoste,mention,1
LoboWithACause,RG1gal,mention,1
LoboWithACause,RG1gal,retweet,1
LoboWithACause,sbagley,mention,3
LoboWithACause,sbagley,retweet,3
LoboWithACause,SoledadVillar5,mention,1
LoboWithACause,thewordninja_bk,mention,1
LoboWithACause,UNMLoboMBB,mention,1
LoboWithACause,VictorPiercey1,mention,5
LoboWithACause,VictorPiercey1,retweet,5
LoboWithACause,WanderingPoint,mention,3
LoboWithACause,WanderingPoint,quote-tweet,1
LoboWithACause,WanderingPoint,retweet,2
LoboWithACause,xl772,mention,3
LoboWithACause,xl772,quote-tweet,1
logicians,KJMDPhD,retweet,1
logicians,KyJmd,mention,1
logicians,LoboWithACause,mention,1
logicians,LoboWithACause,retweet,1
logicians,mathillustrated,mention,1
logicians,mathillustrated,retweet,1
logicians,WanderingPoint,mention,1
logicians,WanderingPoint,retweet,1
LogPhilosophica,WanderingPoint,mention,1
LogPhilosophica,WanderingPoint,retweet,1
loumatthewslive,benjamindickman,mention,1
loumatthewslive,benjamindickman,retweet,1
MaggitaCampos,joshlaison,mention,1
MaggitaCampos,joshlaison,retweet,1
mahrudsay,amermathsoc,mention,1
mahrudsay,pwr2dppl,mention,1
mahrudsay,pwr2dppl,retweet,1
malagonmath,mathprofcarrie,mention,1
malagonmath,mathprofcarrie,retweet,1
MaliciousNoise,WanderingPoint,mention,1
MaliciousNoise,WanderingPoint,retweet,1
MaraStone2016,jmm2021,mention,1
MaraStone2016,mathprofcarrie,mention,1
MaraStone2016,mathprofcarrie,retweet,1
mariss_spear7,monsoon0,mention,1
mariss_spear7,monsoon0,retweet,1
MarissaKawehi,ash_wee_k,quote-tweet,1
MarissaKawehi,blkmathmagic,mention,5
MarissaKawehi,blkmathmagic,reply,1
MarissaKawehi,FedericoArdila,mention,3
MarissaKawehi,fra_berni,mention,2
MarissaKawehi,fra_berni,retweet,1
MarissaKawehi,frontLahn,mention,1
MarissaKawehi,frontLahn,retweet,1
MarissaKawehi,HZinnbrooks,mention,1
MarissaKawehi,jacksonfulton2,quote-tweet,1
MarissaKawehi,jmm2021,mention,1
MarissaKawehi,LoboWithACause,mention,4
MarissaKawehi,mathcourtney,mention,1
MarissaKawehi,mathcourtney,retweet,1
MarissaKawehi,mathprofcarrie,mention,4
MarissaKawehi,mathprofcarrie,retweet,1
MarissaKawehi,mathyadriana,mention,1
MarissaKawehi,matthematician,mention,1
MarissaKawehi,matthematician,retweet,1
MarissaKawehi,monsoon0,mention,1
MarissaKawehi,PamHarris1128,mention,1
MarissaKawehi,priyam886,mention,3
MarissaKawehi,priyam886,reply,1
MarissaKawehi,pwr2dppl,mention,6
MarissaKawehi,pwr2dppl,reply,1
MarissaKawehi,pwr2dppl,retweet,2
MarissaKawehi,RG1gal,mention,1
MarissaKawehi,RG1gal,retweet,1
MarissaKawehi,thewordninja_bk,mention,1
MarissaKawehi,WanderingPoint,mention,1
MarissaKawehi,WanderingPoint,quote-tweet,2
MarissaKawehi,WanderingPoint,retweet,1
MarissaKawehi,xl772,mention,3
Marki_MD,WanderingPoint,mention,1
Marki_MD,WanderingPoint,retweet,1
maryepilgrim,JointMath,mention,1
maryepilgrim,kenandoesmath,mention,1
maryepilgrim,LoboWithACause,mention,1
maryepilgrim,mathprofcarrie,mention,4
maryepilgrim,mathprofcarrie,reply,2
maryepilgrim,mathprofcarrie,retweet,2
maryepilgrim,mathyadriana,mention,1
maryepilgrim,mathyadriana,retweet,1
maryepilgrim,qsideinstitute,mention,1
maryepilgrim,qsideinstitute,retweet,1
maryepilgrim,sbagley,mention,6
maryepilgrim,sbagley,reply,2
maryepilgrim,sbagley,retweet,2
maryepilgrim,thewordninja_bk,mention,2
maryepilgrim,VictorPiercey1,mention,4
maryepilgrim,VictorPiercey1,reply,1
maryepilgrim,VictorPiercey1,retweet,1
MathAndCobb,GoodsiePhD,mention,1
MathAndCobb,GoodsiePhD,retweet,1
MathAndCobb,jmm2021,mention,1
mathcourtney,HZinnbrooks,mention,1
mathcourtney,mathprofcarrie,mention,1
mathcourtney,mathprofcarrie,retweet,1
MathDeptUTK,jmm2021,mention,1
MathDeptUTK,mathprofcarrie,mention,1
MathDeptUTK,mathprofcarrie,retweet,1
mathdr91,pwr2dppl,mention,1
mathdr91,pwr2dppl,retweet,1
mathemactivist,pwr2dppl,mention,1
mathemactivist,pwr2dppl,retweet,1
mathematigal,ClaudioJacobo,mention,1
mathematigal,ClaudioJacobo,retweet,1
mathhombre,dtkung,mention,1
mathhombre,dtkung,retweet,1
mathillustrated,amermathsoc,mention,1
mathillustrated,AmstatNews,mention,1
mathillustrated,BikeMath,mention,1
mathillustrated,blviray,mention,1
mathillustrated,blviray,retweet,1
mathillustrated,ClaudioJacobo,mention,1
mathillustrated,ClaudioJacobo,retweet,1
mathillustrated,jmm2021,mention,1
mathillustrated,JointMath,mention,1
mathillustrated,maanow,mention,1
mathillustrated,mathprofcarrie,mention,3
mathillustrated,mathprofcarrie,retweet,2
mathillustrated,mathyawp,mention,1
mathillustrated,matthematician,mention,1
mathillustrated,matthematician,retweet,1
mathillustrated,nancyekress,mention,1
mathillustrated,NCTM,quote-tweet,1
mathillustrated,pwr2dppl,mention,3
mathillustrated,pwr2dppl,quote-tweet,1
mathillustrated,robertqberry,quote-tweet,1
mathillustrated,sbagley,mention,2
mathillustrated,sbagley,retweet,2
mathillustrated,swirlgirl31415,mention,1
mathillustrated,thewordninja_bk,mention,2
mathillustrated,timchartier,mention,1
mathillustrated,VictorPiercey1,mention,1
mathillustrated,VictorPiercey1,retweet,1
mathillustrated,WanderingPoint,mention,2
mathillustrated,WanderingPoint,retweet,1
MathmoClaire,WanderingPoint,mention,1
MathmoClaire,WanderingPoint,retweet,1
mathmodeling,FedericoArdila,mention,1
mathmodeling,katebelin,mention,1
mathmodeling,katebelin,retweet,1
mathmodeling,mathprofcarrie,mention,1
mathmodeling,mathprofcarrie,retweet,1
mathmodeling,RG1gal,mention,1
mathprofcarrie,AlexYarosh,mention,1
mathprofcarrie,AliciaPL25,quote-tweet,1
mathprofcarrie,amermathsoc,mention,1
mathprofcarrie,ArcheyDawn,mention,1
mathprofcarrie,ArcheyDawn,reply,1
mathprofcarrie,ArisWinger,mention,1
mathprofcarrie,belladoesmath,retweet,2
mathprofcarrie,benjamindickman,mention,1
mathprofcarrie,benjamindickman,retweet,1
mathprofcarrie,BikeMath,mention,2
mathprofcarrie,BikeMath,reply,1
mathprofcarrie,blkmathmagic,mention,5
mathprofcarrie,blkmathmagic,retweet,2
mathprofcarrie,blviray,mention,2
mathprofcarrie,blviray,reply,1
mathprofcarrie,blviray,retweet,1
mathprofcarrie,BresockCalculus,mention,1
mathprofcarrie,BresockCalculus,retweet,1
mathprofcarrie,CKalinecCraig,mention,1
mathprofcarrie,CKalinecCraig,retweet,1
mathprofcarrie,ClaudioJacobo,mention,4
mathprofcarrie,ClaudioJacobo,retweet,1
mathprofcarrie,complainerstore,reply,1
mathprofcarrie,darrenglass,mention,1
mathprofcarrie,darrenglass,retweet,1
mathprofcarrie,davidwees,mention,1
mathprofcarrie,diazlopezmath,mention,3
mathprofcarrie,diazlopezmath,retweet,1
mathprofcarrie,DingleTeach,mention,3
mathprofcarrie,DrHenryGarrett,mention,1
mathprofcarrie,DrHenryGarrett,retweet,1
mathprofcarrie,DrMRLD,mention,2
mathprofcarrie,DrMRLD,retweet,2
mathprofcarrie,dtkung,mention,1
mathprofcarrie,duanecoop,mention,1
mathprofcarrie,ErikaTCamacho,mention,1
mathprofcarrie,evainfeld,quote-tweet,1
mathprofcarrie,FedericoArdila,mention,6
mathprofcarrie,FedericoArdila,retweet,1
mathprofcarrie,fra_berni,mention,6
mathprofcarrie,fra_berni,reply,1
mathprofcarrie,fra_berni,retweet,3
mathprofcarrie,frontLahn,mention,1
mathprofcarrie,frontLahn,retweet,1
mathprofcarrie,HaydeeLindo,mention,1
mathprofcarrie,HirokiSayama,quote-tweet,1
mathprofcarrie,HthrLynnJ,mention,2
mathprofcarrie,HthrLynnJ,retweet,2
mathprofcarrie,jensilvermath,mention,1
mathprofcarrie,jensilvermath,retweet,1
mathprofcarrie,jmm2021,mention,1
mathprofcarrie,JointMath,mention,6
mathprofcarrie,katebelin,mention,1
mathprofcarrie,katebelin,retweet,1
mathprofcarrie,kellydholstine,mention,1
mathprofcarrie,kenandoesmath,mention,2
mathprofcarrie,KJMDPhD,retweet,1
mathprofcarrie,kneppkatt,mention,1
mathprofcarrie,kneppkatt,retweet,1
mathprofcarrie,KristinePelatt,mention,1
mathprofcarrie,KristinePelatt,reply,1
mathprofcarrie,KyJmd,mention,1
mathprofcarrie,LoboWithACause,mention,19
mathprofcarrie,LoboWithACause,retweet,1
mathprofcarrie,maanow,mention,1
mathprofcarrie,MarissaKawehi,mention,4
mathprofcarrie,MarissaKawehi,reply,1
mathprofcarrie,MarissaKawehi,retweet,2
mathprofcarrie,maryepilgrim,mention,3
mathprofcarrie,maryepilgrim,reply,2
mathprofcarrie,mathillustrated,mention,3
mathprofcarrie,mathillustrated,retweet,2
mathprofcarrie,mathprofcarrie,mention,5
mathprofcarrie,mathprofcarrie,quote-tweet,1
mathprofcarrie,mathprofcarrie,reply,8
mathprofcarrie,mathprofcarrie,retweet,1
mathprofcarrie,mathyadriana,mention,9
mathprofcarrie,mathyadriana,reply,1
mathprofcarrie,mathyadriana,retweet,3
mathprofcarrie,MattBoelkins,mention,1
mathprofcarrie,MattBoelkins,retweet,1
mathprofcarrie,matthematician,mention,2
mathprofcarrie,matthematician,retweet,2
mathprofcarrie,mayli,mention,2
mathprofcarrie,MBarany,mention,1
mathprofcarrie,MBarany,retweet,1
mathprofcarrie,MitchKeller,mention,1
mathprofcarrie,MitchKeller,reply,1
mathprofcarrie,monsoon0,mention,4
mathprofcarrie,monsoon0,reply,1
mathprofcarrie,monsoon0,retweet,3
mathprofcarrie,Morehouse,mention,1
mathprofcarrie,nancyekress,mention,1
mathprofcarrie,PamHarris1128,mention,2
mathprofcarrie,priyam886,mention,1
mathprofcarrie,pwr2dppl,mention,26
mathprofcarrie,pwr2dppl,reply,3
mathprofcarrie,pwr2dppl,retweet,9
mathprofcarrie,RachelleDeCoste,mention,3
mathprofcarrie,RachelleDeCoste,quote-tweet,1
mathprofcarrie,RachelleDeCoste,retweet,1
mathprofcarrie,RG1gal,mention,3
mathprofcarrie,RG1gal,reply,1
mathprofcarrie,RG1gal,retweet,1
mathprofcarrie,Sam71244027,mention,2
mathprofcarrie,Sam71244027,reply,1
mathprofcarrie,saracharala,mention,1
mathprofcarrie,saracharala,retweet,1
mathprofcarrie,sbagley,mention,17
mathprofcarrie,sbagley,quote-tweet,1
mathprofcarrie,sbagley,retweet,15
mathprofcarrie,Shelby_M_Scott,mention,1
mathprofcarrie,Shelby_M_Scott,retweet,1
mathprofcarrie,siwelwerd,mention,1
mathprofcarrie,siwelwerd,retweet,1
mathprofcarrie,SoledadVillar5,mention,1
mathprofcarrie,sophgermain,mention,2
mathprofcarrie,sophgermain,reply,1
mathprofcarrie,susan_dagostino,mention,1
mathprofcarrie,susan_dagostino,retweet,1
mathprofcarrie,thewordninja_bk,mention,6
mathprofcarrie,thewordninja_bk,retweet,1
mathprofcarrie,timchartier,mention,1
mathprofcarrie,vanessaarceliaa,mention,2
mathprofcarrie,vanessaarceliaa,reply,1
mathprofcarrie,VictorPiercey1,mention,8
mathprofcarrie,VictorPiercey1,reply,2
mathprofcarrie,VictorPiercey1,retweet,2
mathprofcarrie,virtualcourtney,mention,1
mathprofcarrie,virtualcourtney,retweet,1
mathprofcarrie,WanderingPoint,mention,11
mathprofcarrie,WanderingPoint,reply,1
mathprofcarrie,WanderingPoint,retweet,3
mathprofcarrie,xl772,mention,10
mathprofcarrie,xl772,reply,1
mathprofcarrie,xl772,retweet,1
mathprofcarrie,YouTube,mention,1
MathTeacherJH,ClaudioJacobo,mention,1
MathTeacherJH,ClaudioJacobo,retweet,1
MathTeacherJH,mathprofcarrie,mention,1
MathTeacherJH,RG1gal,mention,1
MathTeacherJH,RG1gal,retweet,1
mathvsoldage,WanderingPoint,mention,1
mathvsoldage,WanderingPoint,retweet,1
Mathy_Jessica,JointMath,mention,2
Mathy_Jessica,joshlaison,mention,1
Mathy_Jessica,joshlaison,retweet,1
Mathy_Jessica,qsideinstitute,mention,1
Mathy_Jessica,qsideinstitute,retweet,1
Mathy_Jessica,sbagley,mention,2
Mathy_Jessica,sbagley,retweet,2
mathyadriana,diazlopezmath,mention,1
mathyadriana,diazlopezmath,reply,1
mathyadriana,dtkung,mention,1
mathyadriana,dtkung,retweet,1
mathyadriana,LoboWithACause,mention,5
mathyadriana,LoboWithACause,retweet,1
mathyadriana,mathprofcarrie,mention,3
mathyadriana,mathyadriana,mention,1
mathyadriana,mathyadriana,reply,3
mathyadriana,pwr2dppl,mention,5
mathyadriana,pwr2dppl,retweet,2
mathyadriana,RachelleDeCoste,mention,1
mathyadriana,RG1gal,mention,1
mathyadriana,RG1gal,retweet,1
mathyadriana,siwelwerd,mention,1
mathyadriana,siwelwerd,retweet,1
mathyadriana,thewordninja_bk,mention,1
mathyadriana,WanderingPoint,mention,2
mathyadriana,WanderingPoint,retweet,1
mathyadriana,xl772,mention,1
mathyawp,AliciaPL25,mention,1
mathyawp,AliciaPL25,retweet,1
mathyawp,FedericoArdila,mention,1
mathzorro,WanderingPoint,mention,1
mathzorro,WanderingPoint,retweet,1
matienda,RG1gal,mention,1
matienda,RG1gal,retweet,1
MattBoelkins,DrMRLD,mention,1
MattBoelkins,DrMRLD,retweet,1
MattBoelkins,JointMath,mention,1
MattBoelkins,RG1gal,mention,1
MattBoelkins,RG1gal,retweet,1
MattBoelkins,sbagley,mention,1
MattBoelkins,sbagley,retweet,1
MattBoelkins,thewordninja_bk,mention,2
MattBoelkins,WanderingPoint,mention,1
MattBoelkins,WanderingPoint,retweet,1
matthematician,ElieNYC,quote-tweet,1
matthematician,lpachter,mention,1
matthematician,matthematician,reply,1
matthematician,siwelwerd,mention,1
matthematician,siwelwerd,retweet,1
matthematician,VictorPiercey1,mention,1
matthematician,VictorPiercey1,retweet,1
matthematician,WanderingPoint,mention,2
matthematician,WanderingPoint,quote-tweet,1
matthematician,WanderingPoint,retweet,1
matthewando,WanderingPoint,quote-tweet,1
MBarany,benjamindickman,mention,1
MBarany,benjamindickman,retweet,1
MBarany,dtkung,mention,1
MBarany,fra_berni,mention,1
MBarany,fra_berni,retweet,1
MBarany,jmm2021,mention,1
MBarany,LoboWithACause,mention,2
MBarany,MarissaKawehi,mention,1
MBarany,MarissaKawehi,retweet,1
MBarany,mathprofcarrie,mention,1
MBarany,mathprofcarrie,retweet,1
MBarany,mathyadriana,mention,1
MBarany,mathyadriana,retweet,1
MBarany,monsoon0,mention,1
MBarany,monsoon0,retweet,1
MBarany,pwr2dppl,mention,2
MBarany,RG1gal,mention,1
MBarany,RG1gal,retweet,1
MBarany,WanderingPoint,mention,2
MBarany,WanderingPoint,quote-tweet,1
MBarany,WanderingPoint,retweet,1
MerGreer,mathprofcarrie,mention,1
MerGreer,mathprofcarrie,retweet,1
Methemedantics,WanderingPoint,mention,1
Methemedantics,WanderingPoint,retweet,1
Miles_Ott,DrMRLD,mention,1
Miles_Ott,DrMRLD,retweet,1
MiraWaddle,frontLahn,mention,1
MiraWaddle,frontLahn,retweet,1
MitchKeller,maryepilgrim,mention,1
MitchKeller,sbagley,mention,1
MitchKeller,sbagley,reply,1
mmcdermo,dtkung,mention,1
mmcdermo,dtkung,retweet,1
mmcdermo,pwr2dppl,mention,1
mmcdermo,pwr2dppl,retweet,1
mmcdermo,WanderingPoint,mention,1
mmcdermo,WanderingPoint,retweet,1
mnemognose,RG1gal,mention,1
mnemognose,RG1gal,retweet,1
Moni_deni,AliciaPL25,mention,1
Moni_deni,AliciaPL25,retweet,1
Moni_deni,dtkung,mention,2
Moni_deni,FedericoArdila,mention,1
Moni_deni,frontLahn,mention,1
Moni_deni,frontLahn,retweet,1
Moni_deni,GoodsiePhD,mention,1
Moni_deni,GoodsiePhD,retweet,1
Moni_deni,maanow,mention,1
Moni_deni,swirlgirl31415,mention,1
Moni_deni,swirlgirl31415,retweet,1
Moni_deni,WanderingPoint,mention,1
Moni_deni,WanderingPoint,retweet,1
monsoon0,DingleTeach,mention,1
monsoon0,gitanjalivi,mention,3
monsoon0,gitanjalivi,reply,2
monsoon0,JointMath,mention,3
monsoon0,LoboWithACause,mention,5
monsoon0,LoboWithACause,reply,1
monsoon0,mathprofcarrie,mention,2
monsoon0,mathprofcarrie,reply,1
monsoon0,monsoon0,reply,3
monsoon0,pwr2dppl,mention,3
monsoon0,WanderingPoint,mention,1
monsoon0,WanderingPoint,retweet,1
morvjn,sister_stem,mention,1
morvjn,sister_stem,retweet,1
mostnerdy,mathprofcarrie,mention,1
mostnerdy,mathprofcarrie,retweet,1
MrFink314,mathillustrated,mention,1
MrFink314,mathillustrated,retweet,1
MrFink314,timchartier,mention,1
MrLeiss,WanderingPoint,mention,1
MrLeiss,WanderingPoint,retweet,1
mrweathers,jmm2021,mention,1
mrweathers,mathprofcarrie,mention,1
mrweathers,mathprofcarrie,retweet,1
MsFnstlua,RG1gal,mention,1
MsFnstlua,RG1gal,retweet,1
mZargham,ClaudioJacobo,mention,1
mZargham,ClaudioJacobo,retweet,1
mZargham,mathprofcarrie,mention,1
NalinPithwa,monsoon0,mention,1
NalinPithwa,monsoon0,retweet,1
NanehApkarian,pwr2dppl,mention,1
NanehApkarian,pwr2dppl,retweet,1
nchipps,jmm2021,mention,1
nchipps,mathprofcarrie,mention,1
nchipps,mathprofcarrie,retweet,1
NeedhiBhalla,ArisWinger,mention,1
NeedhiBhalla,maanow,mention,1
NeedhiBhalla,VictorPiercey1,mention,1
NeedhiBhalla,VictorPiercey1,retweet,1
NepantlaTC,RG1gal,mention,1
NepantlaTC,RG1gal,retweet,1
NewBayes,mathprofcarrie,mention,1
NewBayes,mathprofcarrie,retweet,1
noellebeckman,mathprofcarrie,mention,1
noellebeckman,mathprofcarrie,retweet,1
notnotneil,MarissaKawehi,mention,1
notnotneil,MarissaKawehi,retweet,1
numberdance,fra_berni,mention,1
numberdance,fra_berni,retweet,1
numberdance,HZinnbrooks,mention,1
numberdance,MarissaKawehi,mention,1
numberdance,MarissaKawehi,retweet,1
numberdance,mathcourtney,mention,1
numberdance,mathcourtney,retweet,1
numberdance,sbagley,mention,1
numberdance,sbagley,retweet,1
numberdance,WanderingPoint,mention,1
numberdance,WanderingPoint,retweet,1
nwrmbing,holom0rph,mention,1
nwrmbing,holom0rph,retweet,1
nwrmbing,SwipeWright,mention,1
ONUMathStat,monsoon0,mention,1
ONUMathStat,monsoon0,retweet,1
OSUSocStEd,jmm2021,mention,1
OSUSocStEd,mathprofcarrie,mention,1
OSUSocStEd,mathprofcarrie,retweet,1
paaiiigeee,JointMath,mention,1
paaiiigeee,qsideinstitute,mention,1
paaiiigeee,qsideinstitute,retweet,1
PatternAvoider,kenandoesmath,mention,1
PatternAvoider,pwr2dppl,mention,1
PatternAvoider,VictorPiercey1,mention,1
PatternAvoider,VictorPiercey1,retweet,1
paultpearson,dtkung,mention,1
paultpearson,dtkung,retweet,1
paultpearson,jmm2021,mention,1
paultpearson,mathprofcarrie,mention,1
paultpearson,mathprofcarrie,retweet,1
PhilChodrow,JointMath,mention,1
PhilChodrow,qsideinstitute,mention,1
PhilChodrow,qsideinstitute,retweet,1
PoonehSabouri,RG1gal,mention,1
PoonehSabouri,RG1gal,retweet,1
priyam886,blkmathmagic,mention,2
priyam886,duanecoop,mention,1
priyam886,ErikaTCamacho,mention,1
priyam886,FedericoArdila,mention,2
priyam886,FedericoArdila,retweet,1
priyam886,HaydeeLindo,mention,1
priyam886,JointMath,mention,1
priyam886,LoboWithACause,mention,1
priyam886,MarissaKawehi,mention,1
priyam886,mathprofcarrie,mention,1
priyam886,mayli,mention,2
priyam886,priyam886,mention,1
priyam886,pwr2dppl,mention,2
priyam886,pwr2dppl,reply,1
priyam886,pwr2dppl,retweet,1
priyam886,xl772,mention,1
ProfNoodlearms,JointMath,mention,1
ProfNoodlearms,RG1gal,mention,1
ProfNoodlearms,RG1gal,retweet,1
ProfNoodlearms,sbagley,mention,2
ProfNoodlearms,sbagley,retweet,2
ProfNoodlearms,thewordninja_bk,mention,1
ProfNoodlearms,WanderingPoint,mention,1
ProfNoodlearms,WanderingPoint,retweet,1
ptwiddle,WanderingPoint,mention,1
ptwiddle,WanderingPoint,retweet,1
pwr2dppl,achambertloir,mention,1
pwr2dppl,AliciaPL25,mention,1
pwr2dppl,AliciaPL25,retweet,1
pwr2dppl,amermathsoc,mention,8
pwr2dppl,amermathsoc,quote-tweet,1
pwr2dppl,ArcheyDawn,mention,1
pwr2dppl,ArisWinger,mention,2
pwr2dppl,ash_wee_k,mention,1
pwr2dppl,ash_wee_k,quote-tweet,2
pwr2dppl,AWMmath,mention,1
pwr2dppl,belladoesmath,retweet,1
pwr2dppl,benjamindickman,mention,1
pwr2dppl,benjamindickman,retweet,1
pwr2dppl,BikeMath,mention,6
pwr2dppl,BikeMath,reply,4
pwr2dppl,blkmathmagic,mention,8
pwr2dppl,blkmathmagic,reply,1
pwr2dppl,blkmathmagic,retweet,1
pwr2dppl,blviray,mention,1
pwr2dppl,blviray,retweet,1
pwr2dppl,CengageLearning,mention,1
pwr2dppl,ClaudioJacobo,mention,5
pwr2dppl,ClaudioJacobo,retweet,2
pwr2dppl,darrenglass,mention,1
pwr2dppl,darrenglass,retweet,1
pwr2dppl,diazlopezmath,mention,4
pwr2dppl,diazlopezmath,retweet,2
pwr2dppl,dtkung,mention,1
pwr2dppl,duanecoop,mention,1
pwr2dppl,ErikaTCamacho,mention,1
pwr2dppl,FedericoArdila,mention,9
pwr2dppl,FedericoArdila,retweet,1
pwr2dppl,fra_berni,mention,3
pwr2dppl,fra_berni,retweet,2
pwr2dppl,frontLahn,mention,1
pwr2dppl,frontLahn,retweet,1
pwr2dppl,HaydeeLindo,mention,1
pwr2dppl,HigherGeometer,mention,1
pwr2dppl,JointMath,mention,5
pwr2dppl,JSEllenberg,mention,1
pwr2dppl,JSEllenberg,quote-tweet,1
pwr2dppl,katebelin,mention,2
pwr2dppl,katebelin,retweet,2
pwr2dppl,kenandoesmath,mention,3
pwr2dppl,KJMDPhD,retweet,1
pwr2dppl,KyJmd,mention,1
pwr2dppl,LoboWithACause,mention,25
pwr2dppl,LoboWithACause,retweet,9
pwr2dppl,maanow,mention,4
pwr2dppl,MarissaKawehi,mention,4
pwr2dppl,MarissaKawehi,reply,1
pwr2dppl,MarissaKawehi,retweet,1
pwr2dppl,mathbabedotorg,mention,2
pwr2dppl,mathillustrated,mention,2
pwr2dppl,mathillustrated,retweet,2
pwr2dppl,mathprofcarrie,mention,20
pwr2dppl,mathprofcarrie,reply,2
pwr2dppl,mathprofcarrie,retweet,8
pwr2dppl,mathyadriana,mention,8
pwr2dppl,mathyadriana,retweet,3
pwr2dppl,mathyawp,mention,1
pwr2dppl,mayli,mention,2
pwr2dppl,monsoon0,mention,2
pwr2dppl,monsoon0,retweet,2
pwr2dppl,nancyekress,mention,1
pwr2dppl,paaiiigeee,quote-tweet,1
pwr2dppl,PamHarris1128,mention,1
pwr2dppl,priyam886,mention,4
pwr2dppl,pwr2dppl,mention,5
pwr2dppl,pwr2dppl,quote-tweet,1
pwr2dppl,pwr2dppl,reply,7
pwr2dppl,qsideinstitute,mention,1
pwr2dppl,qsideinstitute,retweet,1
pwr2dppl,RachelleDeCoste,mention,3
pwr2dppl,RachelleDeCoste,retweet,1
pwr2dppl,RG1gal,mention,2
pwr2dppl,RG1gal,retweet,1
pwr2dppl,ruha9,mention,2
pwr2dppl,sbagley,mention,11
pwr2dppl,sbagley,retweet,11
pwr2dppl,Shelby_M_Scott,mention,1
pwr2dppl,Shelby_M_Scott,retweet,1
pwr2dppl,siwelwerd,mention,1
pwr2dppl,siwelwerd,retweet,1
pwr2dppl,SoledadVillar5,mention,1
pwr2dppl,SoledadVillar5,reply,1
pwr2dppl,swirlgirl31415,mention,1
pwr2dppl,swirlgirl31415,retweet,1
pwr2dppl,thewordninja_bk,mention,4
pwr2dppl,timchartier,mention,1
pwr2dppl,VictorPiercey1,mention,5
pwr2dppl,VictorPiercey1,retweet,5
pwr2dppl,WanderingPoint,mention,11
pwr2dppl,WanderingPoint,quote-tweet,1
pwr2dppl,WanderingPoint,reply,2
pwr2dppl,WanderingPoint,retweet,2
pwr2dppl,XenaProject,mention,1
pwr2dppl,xl772,mention,11
pwr2dppl,xl772,reply,1
pwr2dppl,xl772,retweet,1
QCohBeef,WanderingPoint,mention,1
QCohBeef,WanderingPoint,retweet,1
QED_nerds,WanderingPoint,mention,1
QED_nerds,WanderingPoint,retweet,1
qsideinstitute,JointMath,mention,1
QuantumP7,pwr2dppl,mention,1
QuantumP7,pwr2dppl,retweet,1
quaternion_j,MarissaKawehi,mention,1
quaternion_j,MarissaKawehi,retweet,1
R2D2mah,pwr2dppl,mention,1
R2D2mah,pwr2dppl,retweet,1
RachelleDeCoste,LoboWithACause,mention,1
RachelleDeCoste,LoboWithACause,reply,1
RachelleDeCoste,mathprofcarrie,quote-tweet,1
rdomagalski,MarissaKawehi,mention,1
rdomagalski,MarissaKawehi,retweet,1
redneurons,jmm2021,mention,1
redneurons,mathprofcarrie,mention,1
redneurons,mathprofcarrie,retweet,1
ResearchWrigley,matthematician,mention,1
ResearchWrigley,matthematician,retweet,1
RG1gal,katebelin,quote-tweet,1
RG1gal,WanderingPoint,mention,1
RG1gal,WanderingPoint,retweet,1
rhondajohughes,Morehouse,mention,1
rhondajohughes,susan_dagostino,mention,1
rhondajohughes,susan_dagostino,retweet,1
RicciFlat,kenandoesmath,mention,1
RicciFlat,pwr2dppl,mention,1
RicciFlat,VictorPiercey1,mention,1
RicciFlat,VictorPiercey1,retweet,1
rich_homie_kuan,blkmathmagic,mention,1
rich_homie_kuan,pwr2dppl,mention,1
rich_homie_kuan,pwr2dppl,retweet,1
RissaChem,jmm2021,mention,1
RissaChem,mathprofcarrie,mention,1
RissaChem,mathprofcarrie,retweet,1
rmathematicus,MBarany,mention,1
rmathematicus,MBarany,retweet,1
RobEbymathdude,dtkung,mention,1
RobEbymathdude,dtkung,retweet,1
robinelgenubi,RG1gal,mention,1
robinelgenubi,RG1gal,retweet,1
roger_mansuy,monsoon0,mention,1
roger_mansuy,monsoon0,retweet,1
RomanMathquez,amermathsoc,mention,1
RomanMathquez,maanow,mention,1
RomanMathquez,pwr2dppl,mention,1
RomanMathquez,pwr2dppl,retweet,1
rsachsgmu,dtkung,mention,1
rsachsgmu,dtkung,retweet,1
RubenAMartinezA,WanderingPoint,mention,1
RubenAMartinezA,WanderingPoint,retweet,1
ryanprior,ClaudioJacobo,mention,1
ryanprior,ClaudioJacobo,retweet,1
RyneVanK,DrMRLD,mention,1
RyneVanK,DrMRLD,retweet,1
sajinkoroth,AliciaPL25,mention,1
sajinkoroth,AliciaPL25,retweet,1
sajinkoroth,FedericoArdila,mention,1
sajinkoroth,matthewando,mention,1
sajinkoroth,matthewando,retweet,1
sajinkoroth,sbagley,mention,1
sajinkoroth,sbagley,retweet,1
sajinkoroth,WanderingPoint,mention,1
sajinkoroth,WanderingPoint,retweet,1
Sam71244027,DingleTeach,mention,1
Sam71244027,sophgermain,mention,1
Sam71244027,sophgermain,reply,1
samit_dasgupta,WanderingPoint,mention,1
samit_dasgupta,WanderingPoint,retweet,1
sandi_clement,ArisWinger,mention,1
sandi_clement,blkmathmagic,mention,1
sandi_clement,blkmathmagic,retweet,1
sandi_clement,ClaudioJacobo,mention,1
sandi_clement,ClaudioJacobo,retweet,1
sandi_clement,maanow,mention,1
sandi_clement,mathprofcarrie,mention,1
sandi_clement,siwelwerd,mention,1
sandi_clement,siwelwerd,retweet,1
sandi_clement,VictorPiercey1,mention,1
sandi_clement,VictorPiercey1,retweet,1
saracharala,pwr2dppl,quote-tweet,1
sarah_bockting,MarissaKawehi,mention,1
sarah_bockting,MarissaKawehi,retweet,1
sarah_bockting,MattBoelkins,mention,1
sarah_bockting,MattBoelkins,retweet,1
sarah_bockting,sbagley,mention,2
sarah_bockting,sbagley,retweet,2
sarah_bockting,thewordninja_bk,mention,1
sarah_bockting,WanderingPoint,mention,1
sarah_bockting,WanderingPoint,retweet,1
sbagley,AIMathematics,mention,1
sbagley,AliciaPL25,mention,1
sbagley,AliciaPL25,retweet,1
sbagley,amermathsoc,mention,4
sbagley,ArisWinger,mention,1
sbagley,DrClaireJanelle,mention,2
sbagley,DrClaireJanelle,retweet,2
sbagley,FedericoArdila,mention,2
sbagley,frontLahn,mention,1
sbagley,frontLahn,retweet,1
sbagley,JointMath,mention,34
sbagley,joshlaison,mention,2
sbagley,joshlaison,reply,1
sbagley,joshlaison,retweet,1
sbagley,kenandoesmath,mention,2
sbagley,KJMDPhD,retweet,1
sbagley,KyJmd,mention,1
sbagley,LoboWithACause,quote-tweet,1
sbagley,maanow,mention,1
sbagley,MarissaKawehi,mention,1
sbagley,MarissaKawehi,quote-tweet,1
sbagley,MarissaKawehi,retweet,1
sbagley,maryepilgrim,mention,2
sbagley,maryepilgrim,reply,2
sbagley,mathprofcarrie,mention,5
sbagley,mathprofcarrie,quote-tweet,1
sbagley,mathprofcarrie,retweet,4
sbagley,matthematician,mention,1
sbagley,matthematician,retweet,1
sbagley,MBarany,mention,1
sbagley,MBarany,retweet,1
sbagley,nancyekress,mention,3
sbagley,pwr2dppl,mention,2
sbagley,pwr2dppl,retweet,1
sbagley,robertkessler,quote-tweet,1
sbagley,sbagley,reply,30
sbagley,siwelwerd,mention,1
sbagley,siwelwerd,retweet,1
sbagley,thewordninja_bk,mention,1
sbagley,thewordninja_bk,quote-tweet,1
sbagley,VictorPiercey1,mention,2
sbagley,VictorPiercey1,retweet,2
sbagley,WanderingPoint,mention,2
sbagley,WanderingPoint,quote-tweet,2
sbagley,WanderingPoint,retweet,1
Shelby_M_Scott,ArisWinger,mention,1
Shelby_M_Scott,BioQUESTed,mention,2
Shelby_M_Scott,FiveThirtyEight,mention,1
Shelby_M_Scott,jmm2021,mention,1
Shelby_M_Scott,JointMath,mention,3
Shelby_M_Scott,maanow,mention,2
Shelby_M_Scott,mathprofcarrie,mention,3
Shelby_M_Scott,mathprofcarrie,retweet,1
Shelby_M_Scott,matthematician,mention,1
Shelby_M_Scott,matthematician,retweet,1
Shelby_M_Scott,NEON_sci,mention,1
Shelby_M_Scott,NSFINCLUDESHub,mention,1
Shelby_M_Scott,qubeshub,mention,4
Shelby_M_Scott,Shelby_M_Scott,reply,24
Shelby_M_Scott,VictorPiercey1,mention,1
Shelby_M_Scott,VictorPiercey1,retweet,1
SherlockpHolmes,mathprofcarrie,mention,1
SherlockpHolmes,mathprofcarrie,retweet,1
SherlockpHolmes,monsoon0,mention,2
SherlockpHolmes,monsoon0,retweet,2
shivfesta,elizabethmunch,mention,1
shivfesta,elizabethmunch,retweet,1
shivfesta,JointMath,mention,1
Shugars,jmm2021,mention,1
Shugars,mathprofcarrie,mention,1
Shugars,mathprofcarrie,retweet,1
SineOutlook,MarissaKawehi,mention,1
SineOutlook,MarissaKawehi,retweet,1
sister_stem,jmm2021,mention,1
sister_stem,mathprofcarrie,quote-tweet,1
siwelwerd,DrMRLD,mention,1
siwelwerd,DrMRLD,retweet,1
siwelwerd,sbagley,mention,2
siwelwerd,sbagley,retweet,2
siwelwerd,washcoll,mention,1
SJMathematics,RG1gal,mention,1
SJMathematics,RG1gal,retweet,1
sleepymathgrl,blkmathmagic,mention,2
sleepymathgrl,blkmathmagic,retweet,1
sleepymathgrl,mathprofcarrie,mention,1
sleepymathgrl,mathprofcarrie,retweet,1
SoledadVillar5,diazlopezmath,mention,1
SoledadVillar5,LoboWithACause,mention,1
SoledadVillar5,mathprofcarrie,mention,1
SoledadVillar5,mathyadriana,mention,1
SoledadVillar5,mathyadriana,reply,1
SoledadVillar5,pwr2dppl,mention,1
SoledadVillar5,RachelleDeCoste,mention,1
SoledadVillar5,RG1gal,mention,1
SoledadVillar5,RG1gal,retweet,1
SoledadVillar5,WanderingPoint,mention,2
SoledadVillar5,WanderingPoint,retweet,1
SoledadVillar5,xl772,mention,1
sophgermain,davidwees,mention,1
sophgermain,davidwees,reply,1
sophgermain,DingleTeach,mention,2
sophgermain,mathprofcarrie,mention,1
sophgermain,Sam71244027,mention,1
ssnewbery,darrenglass,mention,1
ssnewbery,darrenglass,retweet,1
suburbanlion,WanderingPoint,mention,1
suburbanlion,WanderingPoint,retweet,1
sunstoneUU,pwr2dppl,mention,1
sunstoneUU,pwr2dppl,retweet,1
superyarn,WanderingPoint,mention,1
superyarn,WanderingPoint,retweet,1
susan_dagostino,AWMmath,mention,1
susan_dagostino,benjamindickman,mention,1
susan_dagostino,benjamindickman,retweet,1
susan_dagostino,JointMath,mention,1
susan_dagostino,Morehouse,mention,1
susmcgowan,siwelwerd,mention,1
susmcgowan,siwelwerd,retweet,1
SuzanneSindi,blkmathmagic,mention,2
SuzanneSindi,blkmathmagic,retweet,1
SuzanneSindi,jmm2021,mention,1
SuzanneSindi,mathprofcarrie,mention,1
SuzanneSindi,mathprofcarrie,retweet,1
SuzanneSindi,pwr2dppl,mention,2
SuzanneSindi,pwr2dppl,retweet,1
SuzanneSindi,WanderingPoint,mention,1
SuzanneSindi,WanderingPoint,quote-tweet,1
SuzanneSindi,WanderingPoint,retweet,1
SuzanneSindi,xanderfaber,mention,1
SwipeWright,maanow,quote-tweet,1
swirlgirl31415,dtkung,mention,1
swirlgirl31415,maanow,mention,1
teachnext_tmb,RG1gal,mention,1
teachnext_tmb,RG1gal,retweet,1
tealismaking,JointMath,mention,1
tealismaking,sbagley,mention,1
tealismaking,sbagley,retweet,1
tealismaking,thewordninja_bk,mention,1
teehee_sarah,DrMRLD,mention,1
teehee_sarah,DrMRLD,retweet,1
Thalesdisciple,jmm2021,mention,1
Thalesdisciple,mathprofcarrie,mention,1
Thalesdisciple,mathprofcarrie,retweet,1
thebasepoint,WanderingPoint,mention,1
thebasepoint,WanderingPoint,retweet,1
thecaligarmo,WanderingPoint,mention,1
thecaligarmo,WanderingPoint,retweet,1
ThembaletuMbang,RG1gal,mention,1
ThembaletuMbang,RG1gal,retweet,1
thewordninja_bk,BikeMath,mention,1
thewordninja_bk,dtkung,mention,1
thewordninja_bk,dtkung,retweet,1
thewordninja_bk,JointMath,mention,1
thewordninja_bk,LoboWithACause,mention,1
thewordninja_bk,mathillustrated,mention,1
thewordninja_bk,mathillustrated,retweet,1
thewordninja_bk,pwr2dppl,mention,2
thewordninja_bk,pwr2dppl,reply,1
thewordninja_bk,RG1gal,mention,1
thewordninja_bk,RG1gal,retweet,1
thewordninja_bk,timchartier,mention,1
timchartier,mathillustrated,mention,1
timchartier,mathillustrated,retweet,1
timchartier,timchartier,mention,1
timhsuSF,jmm2021,mention,1
timhsuSF,LoboWithACause,mention,1
timhsuSF,LoboWithACause,retweet,1
timhsuSF,mathprofcarrie,mention,1
timhsuSF,mathprofcarrie,retweet,1
topologybee,matthematician,mention,1
topologybee,matthematician,retweet,1
topolojack,WanderingPoint,mention,1
topolojack,WanderingPoint,retweet,1
trans_versality,amermathsoc,mention,1
trans_versality,jmm2021,mention,1
trans_versality,maanow,mention,1
trans_versality,mathprofcarrie,mention,1
trans_versality,mathprofcarrie,retweet,1
trans_versality,pwr2dppl,mention,1
trans_versality,pwr2dppl,retweet,1
Trianglemancsd,RG1gal,mention,1
Trianglemancsd,RG1gal,retweet,1
Trianglemancsd,WanderingPoint,mention,1
Trianglemancsd,WanderingPoint,retweet,1
twistor,belladoesmath,retweet,1
twistor,ClaudioJacobo,mention,2
twistor,ClaudioJacobo,retweet,2
twistor,darrenglass,mention,1
twistor,darrenglass,retweet,1
twistor,LoboWithACause,mention,1
twistor,LoboWithACause,retweet,1
twistor,mathprofcarrie,mention,2
twistor,mathprofcarrie,retweet,1
twistor,Morehouse,mention,1
twistor,sbagley,mention,1
twistor,sbagley,retweet,1
twistor,susan_dagostino,mention,1
twistor,susan_dagostino,retweet,1
twistor,WanderingPoint,mention,1
twistor,WanderingPoint,retweet,1
twonth,WanderingPoint,mention,1
twonth,WanderingPoint,retweet,1
TyLKelly,blkmathmagic,mention,1
TyLKelly,blkmathmagic,retweet,1
TyLKelly,frontLahn,mention,1
TyLKelly,frontLahn,retweet,1
TyLKelly,mathyadriana,mention,1
TyLKelly,pwr2dppl,mention,2
TyLKelly,pwr2dppl,retweet,1
TyLKelly,WanderingPoint,mention,1
TyLKelly,WanderingPoint,retweet,1
USpeaks,pwr2dppl,mention,1
USpeaks,pwr2dppl,retweet,1
uvmmathstats,xl772,mention,1
uvmmathstats,xl772,retweet,1
vacuou5ly_tru3,pwr2dppl,mention,1
vacuou5ly_tru3,pwr2dppl,retweet,1
Vaguery,siwelwerd,mention,1
Vaguery,siwelwerd,retweet,1
valeriadepaiva,JohannaF_math,mention,1
valeriadepaiva,JohannaF_math,retweet,1
valeriadepaiva,WanderingPoint,mention,1
valeriadepaiva,WanderingPoint,retweet,1
vanessainstem,blkmathmagic,mention,1
vanessainstem,DrClaireJanelle,mention,2
vanessainstem,DrClaireJanelle,retweet,2
vanessainstem,pwr2dppl,mention,2
vanessainstem,pwr2dppl,retweet,2
vanessainstem,WanderingPoint,mention,1
vanessainstem,WanderingPoint,retweet,1
vianey_lb,mathprofcarrie,mention,1
vianey_lb,mathprofcarrie,retweet,1
victorerikray,jmm2021,mention,1
victorerikray,mathprofcarrie,mention,1
victorerikray,mathprofcarrie,retweet,1
VictorPiercey1,amermathsoc,mention,3
VictorPiercey1,ArisWinger,mention,1
VictorPiercey1,callin_bull,mention,1
VictorPiercey1,DrMRLD,mention,1
VictorPiercey1,DrMRLD,retweet,1
VictorPiercey1,JointMath,mention,3
VictorPiercey1,kenandoesmath,mention,3
VictorPiercey1,maanow,mention,5
VictorPiercey1,mathbabedotorg,mention,3
VictorPiercey1,mathprofcarrie,mention,10
VictorPiercey1,mathprofcarrie,reply,2
VictorPiercey1,mathprofcarrie,retweet,4
VictorPiercey1,mathyadriana,mention,1
VictorPiercey1,pwr2dppl,mention,4
VictorPiercey1,pwr2dppl,retweet,2
VictorPiercey1,ruha9,mention,1
VictorPiercey1,VictorPiercey1,mention,1
VictorPiercey1,VictorPiercey1,quote-tweet,1
VictorPiercey1,WanderingPoint,quote-tweet,1
vindas_melendez,LoboWithACause,mention,1
vindas_melendez,mathyadriana,mention,1
vindas_melendez,mathyadriana,retweet,1
vindas_melendez,WanderingPoint,mention,1
vindas_melendez,WanderingPoint,retweet,1
virtualcourtney,MarissaKawehi,mention,1
virtualcourtney,MarissaKawehi,retweet,1
virtualcourtney,thewordninja_bk,quote-tweet,1
virtualcourtney,VictorPiercey1,mention,1
virtualcourtney,VictorPiercey1,retweet,1
VRiveraQPhD,blkmathmagic,mention,1
VRiveraQPhD,fra_berni,mention,1
VRiveraQPhD,KJMDPhD,retweet,1
VRiveraQPhD,KyJmd,mention,1
VRiveraQPhD,MarissaKawehi,mention,2
VRiveraQPhD,MarissaKawehi,retweet,2
VRiveraQPhD,mathyadriana,mention,1
VRiveraQPhD,monsoon0,mention,1
VRiveraQPhD,pwr2dppl,mention,2
VRiveraQPhD,pwr2dppl,retweet,1
VRiveraQPhD,thewordninja_bk,mention,1
WanderingPoint,amermathsoc,mention,1
WanderingPoint,blkmathmagic,mention,4
WanderingPoint,ClaudioJacobo,mention,4
WanderingPoint,FedericoArdila,mention,4
WanderingPoint,fra_berni,mention,4
WanderingPoint,kenandoesmath,mention,2
WanderingPoint,LoboWithACause,mention,4
WanderingPoint,maanow,mention,1
WanderingPoint,MarissaKawehi,mention,1
WanderingPoint,MarissaKawehi,retweet,1
WanderingPoint,mathprofcarrie,mention,6
WanderingPoint,mathprofcarrie,reply,2
WanderingPoint,mathprofcarrie,retweet,1
WanderingPoint,mathyadriana,mention,1
WanderingPoint,pwr2dppl,mention,9
WanderingPoint,pwr2dppl,quote-tweet,1
WanderingPoint,pwr2dppl,reply,3
WanderingPoint,pwr2dppl,retweet,1
WanderingPoint,sbagley,mention,3
WanderingPoint,sbagley,retweet,3
WanderingPoint,siwelwerd,mention,1
WanderingPoint,siwelwerd,retweet,1
WanderingPoint,thewordninja_bk,quote-tweet,1
WanderingPoint,VictorPiercey1,mention,1
WanderingPoint,VictorPiercey1,retweet,1
WanderingPoint,WanderingPoint,reply,2
WanderingPoint,xanderfaber,mention,1
WanderingPoint,xl772,mention,5
weinburd,HZinnbrooks,mention,1
weinburd,mathcourtney,mention,1
weinburd,mathcourtney,retweet,1
wizard2048,achambertloir,mention,1
wizard2048,ash_wee_k,mention,1
wizard2048,benjamindickman,mention,1
wizard2048,benjamindickman,retweet,1
wizard2048,CengageLearning,mention,1
wizard2048,diazlopezmath,mention,1
wizard2048,diazlopezmath,retweet,1
wizard2048,DrMRLD,mention,1
wizard2048,DrMRLD,retweet,1
wizard2048,duanecoop,mention,1
wizard2048,ErikaTCamacho,mention,1
wizard2048,FedericoArdila,mention,1
wizard2048,FedericoArdila,retweet,1
wizard2048,fra_berni,mention,1
wizard2048,fra_berni,retweet,1
wizard2048,HaydeeLindo,mention,1
wizard2048,HigherGeometer,mention,1
wizard2048,JointMath,mention,1
wizard2048,LoboWithACause,mention,3
wizard2048,malagonmath,mention,1
wizard2048,malagonmath,retweet,1
wizard2048,mathprofcarrie,mention,4
wizard2048,mathprofcarrie,retweet,3
wizard2048,mathyadriana,mention,2
wizard2048,mathyadriana,retweet,2
wizard2048,mayli,mention,2
wizard2048,monsoon0,mention,1
wizard2048,monsoon0,retweet,1
wizard2048,priyam886,mention,1
wizard2048,pwr2dppl,mention,6
wizard2048,pwr2dppl,retweet,5
wizard2048,sbagley,mention,2
wizard2048,sbagley,retweet,2
wizard2048,WanderingPoint,mention,1
wizard2048,WanderingPoint,retweet,1
wizard2048,XenaProject,mention,1
wizard2048,xl772,mention,3
wizard2048,xl772,retweet,1
wokewahlberg,sister_stem,mention,1
wokewahlberg,sister_stem,retweet,1
WolverKeith,MarissaKawehi,mention,1
WolverKeith,MarissaKawehi,retweet,1
xanderfaber,jmm2021,mention,1
xanderfaber,mathprofcarrie,mention,1
xanderfaber,mathprofcarrie,retweet,1
XCatepillan,belladoesmath,retweet,1
XCatepillan,diazlopezmath,mention,1
XCatepillan,diazlopezmath,retweet,1
xl772,amermathsoc,mention,4
xl772,ash_wee_k,mention,1
xl772,blkmathmagic,mention,5
xl772,ClaudioJacobo,mention,5
xl772,diazlopezmath,mention,1
xl772,dtkung,mention,1
xl772,FedericoArdila,mention,5
xl772,GoodsiePhD,mention,1
xl772,GoodsiePhD,retweet,1
xl772,JointMath,mention,1
xl772,LoboWithACause,mention,6
xl772,mathprofcarrie,mention,7
xl772,mathprofcarrie,retweet,1
xl772,mathyadriana,mention,1
xl772,pwr2dppl,mention,9
xl772,pwr2dppl,reply,1
xl772,pwr2dppl,retweet,3
xl772,qsideinstitute,mention,1
xl772,qsideinstitute,retweet,1
xl772,RachelleDeCoste,mention,1
xl772,sbagley,mention,1
xl772,sbagley,retweet,1
xl772,SoledadVillar5,mention,1
xl772,VictorPiercey1,mention,1
xl772,VictorPiercey1,retweet,1
xl772,WanderingPoint,mention,8
xl772,WanderingPoint,retweet,2
xl772,xl772,mention,2
xl772,xl772,reply,4
York_CDM,dtkung,mention,1
York_CDM,dtkung,retweet,1
York_CDM,jmm2021,mention,1
York_CDM,mathprofcarrie,mention,1
York_CDM,mathprofcarrie,retweet,1
Zoe_MM,DrMRLD,mention,1
Zoe_MM,DrMRLD,retweet,1
Zoe_MM,VictorPiercey1,mention,1
Zoe_MM,VictorPiercey1,retweet,1
