sender,receiver,ties
_pjames_,pwr2dppl,2
_pmkr,WanderingPoint,2
1Biotensegrity,RG1gal,2
41mikes,jmm2021,1
41mikes,mathprofcarrie,2
abbaskins,jmm2021,1
abbaskins,mathprofcarrie,2
AbelOtuya,mathprofcarrie,2
aboufade,WanderingPoint,2
AbsurdistPedant,WanderingPoint,2
Acertaintom,VictorPiercey1,6
achambertloir,arretsurimages,1
achambertloir,CecileMichaut,2
achambertloir,jmm2021,1
achambertloir,JohannaF_math,2
achambertloir,Laelia_Ve,1
achambertloir,mathprofcarrie,2
achambertloir,realUNIVfrance,1
AJ72826261,KJMDPhD,1
AJ72826261,KyJmd,1
AlBell42017,BillOpenmind,2
AlbertTLunde,belladoesmath,1
AlexGalarce,mathyadriana,1
AlexGalarce,WanderingPoint,2
AlexPHoover,frontLahn,2
algebrandis,blkmathmagic,1
algebrandis,frontLahn,2
algebrandis,mathprofcarrie,4
algebrandis,pwr2dppl,2
algebrandis,sbagley,2
AliciaPL25,dtkung,1
AliciaPL25,FedericoArdila,1
AliciaPL25,youngstownstate,1
anitochdz,frontLahn,2
anna_c_nelson,HZinnbrooks,1
anna_c_nelson,mathcourtney,2
annakmil,jmm2021,1
annakmil,mathprofcarrie,2
annarden,RG1gal,2
AnnClifton9,WanderingPoint,2
ArcheyDawn,ArcheyDawn,1
ArcheyDawn,diazlopezmath,2
ArcheyDawn,LoboWithACause,2
ArcheyDawn,mathprofcarrie,3
ArcheyDawn,mathyadriana,3
ArcheyDawn,pwr2dppl,2
ArcheyDawn,RachelleDeCoste,2
ArcheyDawn,WanderingPoint,2
ArcheyDawn,xl772,2
arsuaga3,WanderingPoint,2
ash_wee_k,LoboWithACause,2
ash_wee_k,WanderingPoint,2
askmrsmartinez,RG1gal,2
astrojipjawej,jmm2021,1
astrojipjawej,mathprofcarrie,2
Atabey_Kaygun,matthematician,2
Audrey_Mendivil,RG1gal,2
AuroraBirdialis,JointMath,1
AuroraBirdialis,sbagley,8
awmadvance,blviray,2
awmadvance,pwr2dppl,1
awmadvance,WanderingPoint,1
AWMmath,Morehouse,1
AWMmath,susan_dagostino,2
BarbaraFantechi,ArisWinger,1
BarbaraFantechi,belladoesmath,1
BarbaraFantechi,darrenglass,2
BarbaraFantechi,maanow,1
BarbaraFantechi,monsoon0,2
BarbaraFantechi,pwr2dppl,2
BarbaraFantechi,VictorPiercey1,2
BarbaraFantechi,WanderingPoint,4
BarbaraJaneGunn,AliciaPL25,2
BarbaraJaneGunn,FedericoArdila,1
bat_scholar,WanderingPoint,2
bearboyf,jmm2021,1
bearboyf,mathprofcarrie,2
BenisConsumer,BresockCalculus,2
benjamindickman,achambertloir,1
benjamindickman,AlexandraBerke,1
benjamindickman,AliciaPL25,2
benjamindickman,amermathsoc,3
benjamindickman,BarbaraFantechi,1
benjamindickman,benjamindickman,2
benjamindickman,blkmathmagic,3
benjamindickman,blviray,2
benjamindickman,diazlopezmath,2
benjamindickman,FedericoArdila,1
benjamindickman,GlobalMathDept,1
benjamindickman,HigherGeometer,1
benjamindickman,jmm2021,1
benjamindickman,JointMath,1
benjamindickman,joshuazucker,2
benjamindickman,LoboWithACause,3
benjamindickman,lpachter,1
benjamindickman,mathprofcarrie,4
benjamindickman,mathyadriana,2
benjamindickman,monsoon0,2
benjamindickman,pwr2dppl,4
benjamindickman,samjshah2,1
benjamindickman,sbagley,2
benjamindickman,thewordninja_bk,1
benjamindickman,todosmath,1
benjamindickman,WanderingPoint,3
benjamindickman,XenaProject,1
BikeMath,matthematician,2
BikeMath,pwr2dppl,7
BikeMath,sbagley,2
BikeMath,thewordninja_bk,3
BikeMath,WanderingPoint,2
BillOpenmind,BillOpenmind,2
blkmathmagic,blkmathmagic,4
blkmathmagic,FedericoArdila,2
blkmathmagic,jmm2021,1
blkmathmagic,LoboWithACause,2
blkmathmagic,MarissaKawehi,6
blkmathmagic,mathprofcarrie,5
blkmathmagic,priyam886,2
blkmathmagic,pwr2dppl,6
blkmathmagic,sbagley,2
blkmathmagic,vanessaarceliaa,3
blkmathmagic,WanderingPoint,2
blkmathmagic,xl772,2
blviray,FedericoArdila,1
blviray,priyam886,1
blviray,pwr2dppl,1
blviray,WanderingPoint,1
BmcChem,jmm2021,1
BmcChem,mathprofcarrie,2
bmgilland,WanderingPoint,2
BrandauerJ,DrMRLD,2
Cal_Q_L8,HZinnbrooks,1
Cal_Q_L8,mathcourtney,2
CardColm,monsoon0,2
Category_Fury,mathyadriana,1
Category_Fury,WanderingPoint,2
Cayleygrapher,vanessaarceliaa,2
ccshan,WanderingPoint,2
CecileMichaut,arretsurimages,1
CecileMichaut,Laelia_Ve,2
CecileMichaut,realUNIVfrance,1
CeritDr,WanderingPoint,2
ChengSoonOng,mathyadriana,1
ChengSoonOng,WanderingPoint,2
ChristianJaeh,WanderingPoint,2
cjp_still,matthewando,2
CKalinecCraig,blkmathmagic,1
ClaudioJacobo,ClaudioJacobo,1
ClaudioJacobo,mathprofcarrie,1
ClaudioJacobo,uchicagogsu,1
ComplexWales,BillOpenmind,2
CompStatsGeom,AliciaPL25,2
CompStatsGeom,FedericoArdila,1
con_nect_ed,belladoesmath,1
cordesm,WanderingPoint,2
ctheobarker,monsoon0,2
ctheobarker,RG1gal,4
ctheobarker,siwelwerd,2
ctheobarker,WanderingPoint,2
dagan_karp,WanderingPoint,2
dana_neidinger,mathprofcarrie,2
daveinstpaul,WanderingPoint,2
davewripley,WanderingPoint,2
davidwees,davidwees,1
davidwees,DingleTeach,3
davidwees,mathprofcarrie,3
davidwees,Sam71244027,2
davidwees,sophgermain,2
dbdoughe,WanderingPoint,2
declan_hoare,MarissaKawehi,2
DeirdreM10,DrMRLD,2
diazlopezmath,amermathsoc,1
diazlopezmath,cath2math,1
diazlopezmath,diazlopezmath,2
diazlopezmath,JointMath,1
diazlopezmath,kenandoesmath,1
diazlopezmath,LoboWithACause,1
diazlopezmath,mathprofcarrie,1
diazlopezmath,mathyadriana,1
diazlopezmath,pwr2dppl,3
diazlopezmath,RachelleDeCoste,1
diazlopezmath,VictorPiercey1,2
diazlopezmath,WanderingPoint,5
diazlopezmath,xl772,1
DingleTeach,benjamindickman,2
DingleTeach,DingleTeach,1
DingleTeach,HthrLynnJ,2
DingleTeach,LoboWithACause,1
DingleTeach,mathprofcarrie,2
DingleTeach,Sam71244027,1
DingleTeach,sophgermain,1
DingleTeach,WanderingPoint,2
DLeslieLancs,WanderingPoint,2
Doc_Kat,pwr2dppl,2
Doc_Kat,WanderingPoint,2
drbehardisty,siwelwerd,2
DrBKirkpatrick,sbagley,2
DrBrandyMath,DrBrandyMath,1
DrBrandyMath,dtkung,3
DrBrandyMath,maanow,2
DrBrandyMath,MarissaKawehi,2
DrBrandyMath,WanderingPoint,1
DrClaireJanelle,blkmathmagic,1
DrClaireJanelle,DrClaireJanelle,1
DrClaireJanelle,jmm2021,1
DrClaireJanelle,mathprofcarrie,2
DrClaireJanelle,pwr2dppl,2
DrErikaBullock,RG1gal,2
DrHenryGarrett,achambertloir,1
DrHenryGarrett,benjamindickman,4
DrHenryGarrett,DrMRLD,2
DrHenryGarrett,HigherGeometer,1
DrHenryGarrett,jensilvermath,2
DrHenryGarrett,kellydholstine,1
DrHenryGarrett,mathcourtney,1
DrHenryGarrett,mathillustrated,2
DrHenryGarrett,timchartier,1
DrHenryGarrett,washcoll,1
DrHenryGarrett,XenaProject,1
DrHenryGarrett,YouTube,1
drjamesalvarez,mathprofcarrie,2
DrMRLD,darrenglass,1
DrMRLD,DrMRLD,2
DrMRLD,dtkung,1
DrMRLD,siwelwerd,1
DrMRLD,WanderingPoint,4
DrMRLD,washcoll,1
DrMRLD,xanderfaber,1
dropoutnation,WanderingPoint,2
drspoulsen,DrMRLD,6
drspoulsen,mathillustrated,2
drspoulsen,timchartier,1
drspoulsen,WanderingPoint,4
drspoulsen,washcoll,1
dtkung,dtkung,3
dtkung,FedericoArdila,1
dtkung,JointMath,1
dtkung,maanow,2
ecology_chris,pwr2dppl,2
ecology_chris,Shelby_M_Scott,2
EdsiNetwork,ClaudioJacobo,2
EdsiNetwork,mathprofcarrie,3
EdsiNetwork,pwr2dppl,1
EdsiNetwork,vanessaarceliaa,1
EdsiNetwork,WanderingPoint,2
ef_math,virtualcourtney,2
elizabethmunch,JointMath,1
elizabethmunch,mathyadriana,2
elizabethmunch,pwr2dppl,4
elizabethmunch,WanderingPoint,2
EllisMathEd,jmm2021,1
EllisMathEd,mathprofcarrie,2
emilyriehl,blviray,2
emilyriehl,pwr2dppl,3
emilyriehl,WanderingPoint,3
EmilyTWinn13,MarissaKawehi,2
Enchilaudanum,LoboWithACause,1
Enchilaudanum,mathyadriana,2
Enchilaudanum,matthematician,2
Enchilaudanum,WanderingPoint,3
eringriffin003,jmm2021,1
eringriffin003,mathprofcarrie,2
ESMathTeacher,KJMDPhD,1
ESMathTeacher,KyJmd,1
eterEphemeral,mathyadriana,1
eterEphemeral,WanderingPoint,2
evelynjlamb,frontLahn,2
EWhitteck,siwelwerd,1
eyescientific,blkmathmagic,4
eyescientific,MarissaKawehi,2
eyescientific,pwr2dppl,1
f_futamura,WanderingPoint,2
FedericoArdila,duanecoop,1
FedericoArdila,ErikaTCamacho,1
FedericoArdila,FedericoArdila,1
FedericoArdila,HaydeeLindo,1
FedericoArdila,JointMath,2
FedericoArdila,LoboWithACause,1
FedericoArdila,mathprofcarrie,1
FedericoArdila,mayli,2
FedericoArdila,priyam886,1
FedericoArdila,pwr2dppl,1
FedericoArdila,RG1gal,2
FedericoArdila,WanderingPoint,2
FidgeyB,WanderingPoint,2
FolaAgusto,jmm2021,1
FolaAgusto,mathprofcarrie,2
fra_berni,blkmathmagic,1
fra_berni,ClaudioJacobo,1
fra_berni,FedericoArdila,1
fra_berni,fra_berni,6
fra_berni,JointMath,2
fra_berni,LoboWithACause,4
fra_berni,MarissaRenardy,1
fra_berni,mathprofcarrie,1
fra_berni,PamHarris1128,3
fra_berni,pwr2dppl,4
fra_berni,qsideinstitute,2
fra_berni,WanderingPoint,2
fra_berni,xl772,1
fraarici,WanderingPoint,2
frontLahn,frontLahn,1
frontLahn,mathprofcarrie,2
frontLahn,pwr2dppl,4
frontLahn,sbagley,4
G2Campbell,blviray,2
G2Campbell,pwr2dppl,1
G2Campbell,WanderingPoint,1
GaryAdolphson,jmm2021,1
GaryAdolphson,mathprofcarrie,2
geonz,RG1gal,2
gitanjalivi,monsoon0,4
GizemKaraali_,JointMath,1
GizemKaraali_,kenandoesmath,1
GizemKaraali_,KJMDPhD,1
GizemKaraali_,KyJmd,1
GizemKaraali_,maanow,1
GizemKaraali_,mathbabedotorg,1
GizemKaraali_,mathprofcarrie,2
GizemKaraali_,RG1gal,2
GizemKaraali_,sbagley,2
GizemKaraali_,VictorPiercey1,2
GizemKaraali_,WanderingPoint,2
gleuschk,dtkung,1
gleuschk,maanow,1
gleuschk,swirlgirl31415,2
GoodsiePhD,dtkung,1
GoodsiePhD,jmm2021,2
GoodsiePhD,mathprofcarrie,2
GuldenKarakok,sbagley,2
hannahfenster93,monsoon0,2
HaydeeLindo,dtkung,1
HaydeeLindo,GoodsiePhD,2
heidifessenden,RG1gal,2
HeyHeresSteve,KJMDPhD,1
HeyHeresSteve,KyJmd,1
HeyHeresSteve,WanderingPoint,2
holom0rph,SwipeWright,2
howe,ClaudioJacobo,2
HthrLynnJ,DingleTeach,1
HthrLynnJ,HthrLynnJ,1
HthrLynnJ,LoboWithACause,2
HthrLynnJ,mathprofcarrie,2
HthrLynnJ,pwr2dppl,2
ilaba,WanderingPoint,2
ilana_horn,RG1gal,2
ipnosimmia,WanderingPoint,2
j_lanier,WanderingPoint,2
jackrsturm,jmm2021,1
jackrsturm,mathprofcarrie,2
jacksonfulton2,blkmathmagic,1
jacksonfulton2,MarissaKawehi,2
jacksonmorris_,sbagley,2
JadeMasterMath,WanderingPoint,2
jajensen681,LoboWithACause,1
jajensen681,mathyadriana,2
jajensen681,pwr2dppl,4
jasonemiller,DrMRLD,2
JasonWilliamsNY,mathprofcarrie,1
JasonWilliamsNY,monsoon0,2
JeffGraham15,JointMath,1
JeffGraham15,qsideinstitute,2
jen_loescher,RG1gal,2
jennalaib,benjamindickman,2
jensilvermath,kellydholstine,1
jensilvermath,YouTube,1
jessalynalyn,WanderingPoint,2
JessieLenarz,WanderingPoint,2
JoannaWares,sbagley,2
JoFerMedina,mathprofcarrie,2
JohannaF_math,HZinnbrooks,1
JohannaF_math,JohannaF_math,2
JohannaF_math,mathcourtney,2
JohannaF_math,mathillustrated,2
JohannaF_math,timchartier,1
JointMath,AliciaPL25,2
JointMath,ArisWinger,1
JointMath,blkmathmagic,2
JointMath,CKalinecCraig,2
JointMath,ClaudioJacobo,4
JointMath,darrenglass,2
JointMath,diazlopezmath,1
JointMath,DingleTeach,1
JointMath,DrMRLD,2
JointMath,dtkung,4
JointMath,duanecoop,1
JointMath,elizabethmunch,2
JointMath,ErikaTCamacho,1
JointMath,FedericoArdila,4
JointMath,fra_berni,5
JointMath,frontLahn,2
JointMath,HaydeeLindo,1
JointMath,HthrLynnJ,4
JointMath,jmm2021,1
JointMath,JointMath,10
JointMath,joshlaison,2
JointMath,katebelin,2
JointMath,kenandoesmath,2
JointMath,KristinePelatt,2
JointMath,LoboWithACause,18
JointMath,maanow,2
JointMath,MarissaKawehi,3
JointMath,mathprofcarrie,37
JointMath,mathyadriana,13
JointMath,mayli,2
JointMath,MBarany,4
JointMath,monsoon0,15
JointMath,Morehouse,1
JointMath,nancyekress,2
JointMath,PamHarris1128,1
JointMath,priyam886,1
JointMath,pwr2dppl,16
JointMath,qsideinstitute,2
JointMath,qubeshub,1
JointMath,RachelleDeCoste,5
JointMath,RG1gal,1
JointMath,sbagley,34
JointMath,Shelby_M_Scott,4
JointMath,susan_dagostino,2
JointMath,swirlgirl31415,2
JointMath,thewordninja_bk,4
JointMath,UNMLoboMBB,1
JointMath,VictorPiercey1,4
JointMath,WanderingPoint,8
JointMath,xanderfaber,1
JointMath,xl772,1
JookieTookie,RG1gal,2
joshlaison,JointMath,1
joshlaison,LoboWithACause,1
joshlaison,mathyadriana,2
joshlaison,sbagley,4
joshlaison,WanderingPoint,1
joshuagrochow,WanderingPoint,2
joshuazucker,benjamindickman,2
joshuazucker,blkmathmagic,1
jrlookingbill,jmm2021,1
jrlookingbill,mathprofcarrie,2
JustJules2,JointMath,2
JustJules2,sbagley,4
JustJules2,thewordninja_bk,1
KamerynJW,WanderingPoint,2
karikokka,RG1gal,2
karin_leiderman,jmm2021,1
karin_leiderman,mathprofcarrie,2
katebelin,ArisWinger,1
katebelin,FedericoArdila,1
katebelin,RG1gal,1
katemath,DrMRLD,2
katemath,sbagley,2
katemath,WanderingPoint,2
katemath,washcoll,1
kay314159,jmm2021,1
kay314159,mathprofcarrie,2
kay314159,pwr2dppl,2
kay314159,WanderingPoint,2
kellyyyruth,jmm2021,1
kellyyyruth,mathprofcarrie,2
kim_yoak,jmm2021,1
kim_yoak,mathprofcarrie,2
KJMDPhD,LoboWithACause,2
KJMDPhD,WanderingPoint,1
kmkinnaird,DrMRLD,2
kmkinnaird,JointMath,2
kmkinnaird,JSEllenberg,1
kmkinnaird,mathprofcarrie,2
kmkinnaird,MattBoelkins,4
kmkinnaird,matthematician,2
kmkinnaird,MBarany,2
kmkinnaird,nancyekress,1
kmkinnaird,pwr2dppl,2
kmkinnaird,qsideinstitute,2
kmkinnaird,sbagley,10
kmkinnaird,thewordninja_bk,2
kmkinnaird,VictorPiercey1,2
kmkinnaird,WanderingPoint,5
kneppkatt,MarissaKawehi,4
KristinePelatt,WanderingPoint,1
KristinLauter,mathyadriana,1
KristinLauter,WanderingPoint,2
Laelia_Ve,arretsurimages,1
LauraVHawkins,benjamindickman,2
LauraVHawkins,siwelwerd,2
libbyk_,MarissaKawehi,2
LisaSkultety,WanderingPoint,2
LoboWithACause,amermathsoc,1
LoboWithACause,ArisWinger,1
LoboWithACause,ash_wee_k,1
LoboWithACause,belladoesmath,2
LoboWithACause,blkmathmagic,4
LoboWithACause,ClaudioJacobo,4
LoboWithACause,diazlopezmath,1
LoboWithACause,DrBrandyMath,1
LoboWithACause,DrMRLD,2
LoboWithACause,evainfeld,2
LoboWithACause,FedericoArdila,1
LoboWithACause,frontLahn,2
LoboWithACause,itatiVCS,1
LoboWithACause,jmm2021,1
LoboWithACause,kenandoesmath,2
LoboWithACause,KJMDPhD,1
LoboWithACause,KyJmd,1
LoboWithACause,LoboWithACause,11
LoboWithACause,loumatthewslive,1
LoboWithACause,maanow,1
LoboWithACause,MarissaKawehi,4
LoboWithACause,mathillustrated,2
LoboWithACause,mathprofcarrie,14
LoboWithACause,mathyadriana,1
LoboWithACause,MattBoelkins,2
LoboWithACause,matthematician,2
LoboWithACause,NMPinonCoffee,1
LoboWithACause,priyam886,1
LoboWithACause,pwr2dppl,13
LoboWithACause,RachelleDeCoste,1
LoboWithACause,RG1gal,2
LoboWithACause,sbagley,6
LoboWithACause,SoledadVillar5,1
LoboWithACause,thewordninja_bk,1
LoboWithACause,UNMLoboMBB,1
LoboWithACause,VictorPiercey1,10
LoboWithACause,WanderingPoint,6
LoboWithACause,xl772,4
logicians,KJMDPhD,1
logicians,KyJmd,1
logicians,LoboWithACause,2
logicians,mathillustrated,2
logicians,WanderingPoint,2
LogPhilosophica,WanderingPoint,2
loumatthewslive,benjamindickman,2
MaggitaCampos,joshlaison,2
mahrudsay,amermathsoc,1
mahrudsay,pwr2dppl,2
malagonmath,mathprofcarrie,2
MaliciousNoise,WanderingPoint,2
MaraStone2016,jmm2021,1
MaraStone2016,mathprofcarrie,2
mariss_spear7,monsoon0,2
MarissaKawehi,ash_wee_k,1
MarissaKawehi,blkmathmagic,6
MarissaKawehi,FedericoArdila,3
MarissaKawehi,fra_berni,3
MarissaKawehi,frontLahn,2
MarissaKawehi,HZinnbrooks,1
MarissaKawehi,jacksonfulton2,1
MarissaKawehi,jmm2021,1
MarissaKawehi,LoboWithACause,4
MarissaKawehi,mathcourtney,2
MarissaKawehi,mathprofcarrie,5
MarissaKawehi,mathyadriana,1
MarissaKawehi,matthematician,2
MarissaKawehi,monsoon0,1
MarissaKawehi,PamHarris1128,1
MarissaKawehi,priyam886,4
MarissaKawehi,pwr2dppl,9
MarissaKawehi,RG1gal,2
MarissaKawehi,thewordninja_bk,1
MarissaKawehi,WanderingPoint,4
MarissaKawehi,xl772,3
Marki_MD,WanderingPoint,2
maryepilgrim,JointMath,1
maryepilgrim,kenandoesmath,1
maryepilgrim,LoboWithACause,1
maryepilgrim,mathprofcarrie,8
maryepilgrim,mathyadriana,2
maryepilgrim,qsideinstitute,2
maryepilgrim,sbagley,10
maryepilgrim,thewordninja_bk,2
maryepilgrim,VictorPiercey1,6
MathAndCobb,GoodsiePhD,2
MathAndCobb,jmm2021,1
mathcourtney,HZinnbrooks,1
mathcourtney,mathprofcarrie,2
MathDeptUTK,jmm2021,1
MathDeptUTK,mathprofcarrie,2
mathdr91,pwr2dppl,2
mathemactivist,pwr2dppl,2
mathematigal,ClaudioJacobo,2
mathhombre,dtkung,2
mathillustrated,amermathsoc,1
mathillustrated,AmstatNews,1
mathillustrated,BikeMath,1
mathillustrated,blviray,2
mathillustrated,ClaudioJacobo,2
mathillustrated,jmm2021,1
mathillustrated,JointMath,1
mathillustrated,maanow,1
mathillustrated,mathprofcarrie,5
mathillustrated,mathyawp,1
mathillustrated,matthematician,2
mathillustrated,nancyekress,1
mathillustrated,NCTM,1
mathillustrated,pwr2dppl,4
mathillustrated,robertqberry,1
mathillustrated,sbagley,4
mathillustrated,swirlgirl31415,1
mathillustrated,thewordninja_bk,2
mathillustrated,timchartier,1
mathillustrated,VictorPiercey1,2
mathillustrated,WanderingPoint,3
MathmoClaire,WanderingPoint,2
mathmodeling,FedericoArdila,1
mathmodeling,katebelin,2
mathmodeling,mathprofcarrie,2
mathmodeling,RG1gal,1
mathprofcarrie,AlexYarosh,1
mathprofcarrie,AliciaPL25,1
mathprofcarrie,amermathsoc,1
mathprofcarrie,ArcheyDawn,2
mathprofcarrie,ArisWinger,1
mathprofcarrie,belladoesmath,2
mathprofcarrie,benjamindickman,2
mathprofcarrie,BikeMath,3
mathprofcarrie,blkmathmagic,7
mathprofcarrie,blviray,4
mathprofcarrie,BresockCalculus,2
mathprofcarrie,CKalinecCraig,2
mathprofcarrie,ClaudioJacobo,5
mathprofcarrie,complainerstore,1
mathprofcarrie,darrenglass,2
mathprofcarrie,davidwees,1
mathprofcarrie,diazlopezmath,4
mathprofcarrie,DingleTeach,3
mathprofcarrie,DrHenryGarrett,2
mathprofcarrie,DrMRLD,4
mathprofcarrie,dtkung,1
mathprofcarrie,duanecoop,1
mathprofcarrie,ErikaTCamacho,1
mathprofcarrie,evainfeld,1
mathprofcarrie,FedericoArdila,7
mathprofcarrie,fra_berni,10
mathprofcarrie,frontLahn,2
mathprofcarrie,HaydeeLindo,1
mathprofcarrie,HirokiSayama,1
mathprofcarrie,HthrLynnJ,4
mathprofcarrie,jensilvermath,2
mathprofcarrie,jmm2021,1
mathprofcarrie,JointMath,6
mathprofcarrie,katebelin,2
mathprofcarrie,kellydholstine,1
mathprofcarrie,kenandoesmath,2
mathprofcarrie,KJMDPhD,1
mathprofcarrie,kneppkatt,2
mathprofcarrie,KristinePelatt,2
mathprofcarrie,KyJmd,1
mathprofcarrie,LoboWithACause,20
mathprofcarrie,maanow,1
mathprofcarrie,MarissaKawehi,7
mathprofcarrie,maryepilgrim,5
mathprofcarrie,mathillustrated,5
mathprofcarrie,mathprofcarrie,15
mathprofcarrie,mathyadriana,13
mathprofcarrie,MattBoelkins,2
mathprofcarrie,matthematician,4
mathprofcarrie,mayli,2
mathprofcarrie,MBarany,2
mathprofcarrie,MitchKeller,2
mathprofcarrie,monsoon0,8
mathprofcarrie,Morehouse,1
mathprofcarrie,nancyekress,1
mathprofcarrie,PamHarris1128,2
mathprofcarrie,priyam886,1
mathprofcarrie,pwr2dppl,38
mathprofcarrie,RachelleDeCoste,5
mathprofcarrie,RG1gal,5
mathprofcarrie,Sam71244027,3
mathprofcarrie,saracharala,2
mathprofcarrie,sbagley,33
mathprofcarrie,Shelby_M_Scott,2
mathprofcarrie,siwelwerd,2
mathprofcarrie,SoledadVillar5,1
mathprofcarrie,sophgermain,3
mathprofcarrie,susan_dagostino,2
mathprofcarrie,thewordninja_bk,7
mathprofcarrie,timchartier,1
mathprofcarrie,vanessaarceliaa,3
mathprofcarrie,VictorPiercey1,12
mathprofcarrie,virtualcourtney,2
mathprofcarrie,WanderingPoint,15
mathprofcarrie,xl772,12
mathprofcarrie,YouTube,1
MathTeacherJH,ClaudioJacobo,2
MathTeacherJH,mathprofcarrie,1
MathTeacherJH,RG1gal,2
mathvsoldage,WanderingPoint,2
Mathy_Jessica,JointMath,2
Mathy_Jessica,joshlaison,2
Mathy_Jessica,qsideinstitute,2
Mathy_Jessica,sbagley,4
mathyadriana,diazlopezmath,2
mathyadriana,dtkung,2
mathyadriana,LoboWithACause,6
mathyadriana,mathprofcarrie,3
mathyadriana,mathyadriana,4
mathyadriana,pwr2dppl,7
mathyadriana,RachelleDeCoste,1
mathyadriana,RG1gal,2
mathyadriana,siwelwerd,2
mathyadriana,thewordninja_bk,1
mathyadriana,WanderingPoint,3
mathyadriana,xl772,1
mathyawp,AliciaPL25,2
mathyawp,FedericoArdila,1
mathzorro,WanderingPoint,2
matienda,RG1gal,2
MattBoelkins,DrMRLD,2
MattBoelkins,JointMath,1
MattBoelkins,RG1gal,2
MattBoelkins,sbagley,2
MattBoelkins,thewordninja_bk,2
MattBoelkins,WanderingPoint,2
matthematician,ElieNYC,1
matthematician,lpachter,1
matthematician,matthematician,1
matthematician,siwelwerd,2
matthematician,VictorPiercey1,2
matthematician,WanderingPoint,4
matthewando,WanderingPoint,1
MBarany,benjamindickman,2
MBarany,dtkung,1
MBarany,fra_berni,2
MBarany,jmm2021,1
MBarany,LoboWithACause,2
MBarany,MarissaKawehi,2
MBarany,mathprofcarrie,2
MBarany,mathyadriana,2
MBarany,monsoon0,2
MBarany,pwr2dppl,2
MBarany,RG1gal,2
MBarany,WanderingPoint,4
MerGreer,mathprofcarrie,2
Methemedantics,WanderingPoint,2
Miles_Ott,DrMRLD,2
MiraWaddle,frontLahn,2
MitchKeller,maryepilgrim,1
MitchKeller,sbagley,2
mmcdermo,dtkung,2
mmcdermo,pwr2dppl,2
mmcdermo,WanderingPoint,2
mnemognose,RG1gal,2
Moni_deni,AliciaPL25,2
Moni_deni,dtkung,2
Moni_deni,FedericoArdila,1
Moni_deni,frontLahn,2
Moni_deni,GoodsiePhD,2
Moni_deni,maanow,1
Moni_deni,swirlgirl31415,2
Moni_deni,WanderingPoint,2
monsoon0,DingleTeach,1
monsoon0,gitanjalivi,5
monsoon0,JointMath,3
monsoon0,LoboWithACause,6
monsoon0,mathprofcarrie,3
monsoon0,monsoon0,3
monsoon0,pwr2dppl,3
monsoon0,WanderingPoint,2
morvjn,sister_stem,2
mostnerdy,mathprofcarrie,2
MrFink314,mathillustrated,2
MrFink314,timchartier,1
MrLeiss,WanderingPoint,2
mrweathers,jmm2021,1
mrweathers,mathprofcarrie,2
MsFnstlua,RG1gal,2
mZargham,ClaudioJacobo,2
mZargham,mathprofcarrie,1
NalinPithwa,monsoon0,2
NanehApkarian,pwr2dppl,2
nchipps,jmm2021,1
nchipps,mathprofcarrie,2
NeedhiBhalla,ArisWinger,1
NeedhiBhalla,maanow,1
NeedhiBhalla,VictorPiercey1,2
NepantlaTC,RG1gal,2
NewBayes,mathprofcarrie,2
noellebeckman,mathprofcarrie,2
notnotneil,MarissaKawehi,2
numberdance,fra_berni,2
numberdance,HZinnbrooks,1
numberdance,MarissaKawehi,2
numberdance,mathcourtney,2
numberdance,sbagley,2
numberdance,WanderingPoint,2
nwrmbing,holom0rph,2
nwrmbing,SwipeWright,1
ONUMathStat,monsoon0,2
OSUSocStEd,jmm2021,1
OSUSocStEd,mathprofcarrie,2
paaiiigeee,JointMath,1
paaiiigeee,qsideinstitute,2
PatternAvoider,kenandoesmath,1
PatternAvoider,pwr2dppl,1
PatternAvoider,VictorPiercey1,2
paultpearson,dtkung,2
paultpearson,jmm2021,1
paultpearson,mathprofcarrie,2
PhilChodrow,JointMath,1
PhilChodrow,qsideinstitute,2
PoonehSabouri,RG1gal,2
priyam886,blkmathmagic,2
priyam886,duanecoop,1
priyam886,ErikaTCamacho,1
priyam886,FedericoArdila,3
priyam886,HaydeeLindo,1
priyam886,JointMath,1
priyam886,LoboWithACause,1
priyam886,MarissaKawehi,1
priyam886,mathprofcarrie,1
priyam886,mayli,2
priyam886,priyam886,1
priyam886,pwr2dppl,4
priyam886,xl772,1
ProfNoodlearms,JointMath,1
ProfNoodlearms,RG1gal,2
ProfNoodlearms,sbagley,4
ProfNoodlearms,thewordninja_bk,1
ProfNoodlearms,WanderingPoint,2
ptwiddle,WanderingPoint,2
pwr2dppl,achambertloir,1
pwr2dppl,AliciaPL25,2
pwr2dppl,amermathsoc,9
pwr2dppl,ArcheyDawn,1
pwr2dppl,ArisWinger,2
pwr2dppl,ash_wee_k,3
pwr2dppl,AWMmath,1
pwr2dppl,belladoesmath,1
pwr2dppl,benjamindickman,2
pwr2dppl,BikeMath,10
pwr2dppl,blkmathmagic,10
pwr2dppl,blviray,2
pwr2dppl,CengageLearning,1
pwr2dppl,ClaudioJacobo,7
pwr2dppl,darrenglass,2
pwr2dppl,diazlopezmath,6
pwr2dppl,dtkung,1
pwr2dppl,duanecoop,1
pwr2dppl,ErikaTCamacho,1
pwr2dppl,FedericoArdila,10
pwr2dppl,fra_berni,5
pwr2dppl,frontLahn,2
pwr2dppl,HaydeeLindo,1
pwr2dppl,HigherGeometer,1
pwr2dppl,JointMath,5
pwr2dppl,JSEllenberg,2
pwr2dppl,katebelin,4
pwr2dppl,kenandoesmath,3
pwr2dppl,KJMDPhD,1
pwr2dppl,KyJmd,1
pwr2dppl,LoboWithACause,34
pwr2dppl,maanow,4
pwr2dppl,MarissaKawehi,6
pwr2dppl,mathbabedotorg,2
pwr2dppl,mathillustrated,4
pwr2dppl,mathprofcarrie,30
pwr2dppl,mathyadriana,11
pwr2dppl,mathyawp,1
pwr2dppl,mayli,2
pwr2dppl,monsoon0,4
pwr2dppl,nancyekress,1
pwr2dppl,paaiiigeee,1
pwr2dppl,PamHarris1128,1
pwr2dppl,priyam886,4
pwr2dppl,pwr2dppl,13
pwr2dppl,qsideinstitute,2
pwr2dppl,RachelleDeCoste,4
pwr2dppl,RG1gal,3
pwr2dppl,ruha9,2
pwr2dppl,sbagley,22
pwr2dppl,Shelby_M_Scott,2
pwr2dppl,siwelwerd,2
pwr2dppl,SoledadVillar5,2
pwr2dppl,swirlgirl31415,2
pwr2dppl,thewordninja_bk,4
pwr2dppl,timchartier,1
pwr2dppl,VictorPiercey1,10
pwr2dppl,WanderingPoint,16
pwr2dppl,XenaProject,1
pwr2dppl,xl772,13
QCohBeef,WanderingPoint,2
QED_nerds,WanderingPoint,2
qsideinstitute,JointMath,1
QuantumP7,pwr2dppl,2
quaternion_j,MarissaKawehi,2
R2D2mah,pwr2dppl,2
RachelleDeCoste,LoboWithACause,2
RachelleDeCoste,mathprofcarrie,1
rdomagalski,MarissaKawehi,2
redneurons,jmm2021,1
redneurons,mathprofcarrie,2
ResearchWrigley,matthematician,2
RG1gal,katebelin,1
RG1gal,WanderingPoint,2
rhondajohughes,Morehouse,1
rhondajohughes,susan_dagostino,2
RicciFlat,kenandoesmath,1
RicciFlat,pwr2dppl,1
RicciFlat,VictorPiercey1,2
rich_homie_kuan,blkmathmagic,1
rich_homie_kuan,pwr2dppl,2
RissaChem,jmm2021,1
RissaChem,mathprofcarrie,2
rmathematicus,MBarany,2
RobEbymathdude,dtkung,2
robinelgenubi,RG1gal,2
roger_mansuy,monsoon0,2
RomanMathquez,amermathsoc,1
RomanMathquez,maanow,1
RomanMathquez,pwr2dppl,2
rsachsgmu,dtkung,2
RubenAMartinezA,WanderingPoint,2
ryanprior,ClaudioJacobo,2
RyneVanK,DrMRLD,2
sajinkoroth,AliciaPL25,2
sajinkoroth,FedericoArdila,1
sajinkoroth,matthewando,2
sajinkoroth,sbagley,2
sajinkoroth,WanderingPoint,2
Sam71244027,DingleTeach,1
Sam71244027,sophgermain,2
samit_dasgupta,WanderingPoint,2
sandi_clement,ArisWinger,1
sandi_clement,blkmathmagic,2
sandi_clement,ClaudioJacobo,2
sandi_clement,maanow,1
sandi_clement,mathprofcarrie,1
sandi_clement,siwelwerd,2
sandi_clement,VictorPiercey1,2
saracharala,pwr2dppl,1
sarah_bockting,MarissaKawehi,2
sarah_bockting,MattBoelkins,2
sarah_bockting,sbagley,4
sarah_bockting,thewordninja_bk,1
sarah_bockting,WanderingPoint,2
sbagley,AIMathematics,1
sbagley,AliciaPL25,2
sbagley,amermathsoc,4
sbagley,ArisWinger,1
sbagley,DrClaireJanelle,4
sbagley,FedericoArdila,2
sbagley,frontLahn,2
sbagley,JointMath,34
sbagley,joshlaison,4
sbagley,kenandoesmath,2
sbagley,KJMDPhD,1
sbagley,KyJmd,1
sbagley,LoboWithACause,1
sbagley,maanow,1
sbagley,MarissaKawehi,3
sbagley,maryepilgrim,4
sbagley,mathprofcarrie,10
sbagley,matthematician,2
sbagley,MBarany,2
sbagley,nancyekress,3
sbagley,pwr2dppl,3
sbagley,robertkessler,1
sbagley,sbagley,30
sbagley,siwelwerd,2
sbagley,thewordninja_bk,2
sbagley,VictorPiercey1,4
sbagley,WanderingPoint,5
Shelby_M_Scott,ArisWinger,1
Shelby_M_Scott,BioQUESTed,2
Shelby_M_Scott,FiveThirtyEight,1
Shelby_M_Scott,jmm2021,1
Shelby_M_Scott,JointMath,3
Shelby_M_Scott,maanow,2
Shelby_M_Scott,mathprofcarrie,4
Shelby_M_Scott,matthematician,2
Shelby_M_Scott,NEON_sci,1
Shelby_M_Scott,NSFINCLUDESHub,1
Shelby_M_Scott,qubeshub,4
Shelby_M_Scott,Shelby_M_Scott,24
Shelby_M_Scott,VictorPiercey1,2
SherlockpHolmes,mathprofcarrie,2
SherlockpHolmes,monsoon0,4
shivfesta,elizabethmunch,2
shivfesta,JointMath,1
Shugars,jmm2021,1
Shugars,mathprofcarrie,2
SineOutlook,MarissaKawehi,2
sister_stem,jmm2021,1
sister_stem,mathprofcarrie,1
siwelwerd,DrMRLD,2
siwelwerd,sbagley,4
siwelwerd,washcoll,1
SJMathematics,RG1gal,2
sleepymathgrl,blkmathmagic,3
sleepymathgrl,mathprofcarrie,2
SoledadVillar5,diazlopezmath,1
SoledadVillar5,LoboWithACause,1
SoledadVillar5,mathprofcarrie,1
SoledadVillar5,mathyadriana,2
SoledadVillar5,pwr2dppl,1
SoledadVillar5,RachelleDeCoste,1
SoledadVillar5,RG1gal,2
SoledadVillar5,WanderingPoint,3
SoledadVillar5,xl772,1
sophgermain,davidwees,2
sophgermain,DingleTeach,2
sophgermain,mathprofcarrie,1
sophgermain,Sam71244027,1
ssnewbery,darrenglass,2
suburbanlion,WanderingPoint,2
sunstoneUU,pwr2dppl,2
superyarn,WanderingPoint,2
susan_dagostino,AWMmath,1
susan_dagostino,benjamindickman,2
susan_dagostino,JointMath,1
susan_dagostino,Morehouse,1
susmcgowan,siwelwerd,2
SuzanneSindi,blkmathmagic,3
SuzanneSindi,jmm2021,1
SuzanneSindi,mathprofcarrie,2
SuzanneSindi,pwr2dppl,3
SuzanneSindi,WanderingPoint,3
SuzanneSindi,xanderfaber,1
SwipeWright,maanow,1
swirlgirl31415,dtkung,1
swirlgirl31415,maanow,1
teachnext_tmb,RG1gal,2
tealismaking,JointMath,1
tealismaking,sbagley,2
tealismaking,thewordninja_bk,1
teehee_sarah,DrMRLD,2
Thalesdisciple,jmm2021,1
Thalesdisciple,mathprofcarrie,2
thebasepoint,WanderingPoint,2
thecaligarmo,WanderingPoint,2
ThembaletuMbang,RG1gal,2
thewordninja_bk,BikeMath,1
thewordninja_bk,dtkung,2
thewordninja_bk,JointMath,1
thewordninja_bk,LoboWithACause,1
thewordninja_bk,mathillustrated,2
thewordninja_bk,pwr2dppl,3
thewordninja_bk,RG1gal,2
thewordninja_bk,timchartier,1
timchartier,mathillustrated,2
timchartier,timchartier,1
timhsuSF,jmm2021,1
timhsuSF,LoboWithACause,2
timhsuSF,mathprofcarrie,2
topologybee,matthematician,2
topolojack,WanderingPoint,2
trans_versality,amermathsoc,1
trans_versality,jmm2021,1
trans_versality,maanow,1
trans_versality,mathprofcarrie,2
trans_versality,pwr2dppl,2
Trianglemancsd,RG1gal,2
Trianglemancsd,WanderingPoint,2
twistor,belladoesmath,1
twistor,ClaudioJacobo,4
twistor,darrenglass,2
twistor,LoboWithACause,2
twistor,mathprofcarrie,3
twistor,Morehouse,1
twistor,sbagley,2
twistor,susan_dagostino,2
twistor,WanderingPoint,2
twonth,WanderingPoint,2
TyLKelly,blkmathmagic,2
TyLKelly,frontLahn,2
TyLKelly,mathyadriana,1
TyLKelly,pwr2dppl,3
TyLKelly,WanderingPoint,2
USpeaks,pwr2dppl,2
uvmmathstats,xl772,2
vacuou5ly_tru3,pwr2dppl,2
Vaguery,siwelwerd,2
valeriadepaiva,JohannaF_math,2
valeriadepaiva,WanderingPoint,2
vanessainstem,blkmathmagic,1
vanessainstem,DrClaireJanelle,4
vanessainstem,pwr2dppl,4
vanessainstem,WanderingPoint,2
vianey_lb,mathprofcarrie,2
victorerikray,jmm2021,1
victorerikray,mathprofcarrie,2
VictorPiercey1,amermathsoc,3
VictorPiercey1,ArisWinger,1
VictorPiercey1,callin_bull,1
VictorPiercey1,DrMRLD,2
VictorPiercey1,JointMath,3
VictorPiercey1,kenandoesmath,3
VictorPiercey1,maanow,5
VictorPiercey1,mathbabedotorg,3
VictorPiercey1,mathprofcarrie,16
VictorPiercey1,mathyadriana,1
VictorPiercey1,pwr2dppl,6
VictorPiercey1,ruha9,1
VictorPiercey1,VictorPiercey1,2
VictorPiercey1,WanderingPoint,1
vindas_melendez,LoboWithACause,1
vindas_melendez,mathyadriana,2
vindas_melendez,WanderingPoint,2
virtualcourtney,MarissaKawehi,2
virtualcourtney,thewordninja_bk,1
virtualcourtney,VictorPiercey1,2
VRiveraQPhD,blkmathmagic,1
VRiveraQPhD,fra_berni,1
VRiveraQPhD,KJMDPhD,1
VRiveraQPhD,KyJmd,1
VRiveraQPhD,MarissaKawehi,4
VRiveraQPhD,mathyadriana,1
VRiveraQPhD,monsoon0,1
VRiveraQPhD,pwr2dppl,3
VRiveraQPhD,thewordninja_bk,1
WanderingPoint,amermathsoc,1
WanderingPoint,blkmathmagic,4
WanderingPoint,ClaudioJacobo,4
WanderingPoint,FedericoArdila,4
WanderingPoint,fra_berni,4
WanderingPoint,kenandoesmath,2
WanderingPoint,LoboWithACause,4
WanderingPoint,maanow,1
WanderingPoint,MarissaKawehi,2
WanderingPoint,mathprofcarrie,9
WanderingPoint,mathyadriana,1
WanderingPoint,pwr2dppl,14
WanderingPoint,sbagley,6
WanderingPoint,siwelwerd,2
WanderingPoint,thewordninja_bk,1
WanderingPoint,VictorPiercey1,2
WanderingPoint,WanderingPoint,2
WanderingPoint,xanderfaber,1
WanderingPoint,xl772,5
weinburd,HZinnbrooks,1
weinburd,mathcourtney,2
wizard2048,achambertloir,1
wizard2048,ash_wee_k,1
wizard2048,benjamindickman,2
wizard2048,CengageLearning,1
wizard2048,diazlopezmath,2
wizard2048,DrMRLD,2
wizard2048,duanecoop,1
wizard2048,ErikaTCamacho,1
wizard2048,FedericoArdila,2
wizard2048,fra_berni,2
wizard2048,HaydeeLindo,1
wizard2048,HigherGeometer,1
wizard2048,JointMath,1
wizard2048,LoboWithACause,3
wizard2048,malagonmath,2
wizard2048,mathprofcarrie,7
wizard2048,mathyadriana,4
wizard2048,mayli,2
wizard2048,monsoon0,2
wizard2048,priyam886,1
wizard2048,pwr2dppl,11
wizard2048,sbagley,4
wizard2048,WanderingPoint,2
wizard2048,XenaProject,1
wizard2048,xl772,4
wokewahlberg,sister_stem,2
WolverKeith,MarissaKawehi,2
xanderfaber,jmm2021,1
xanderfaber,mathprofcarrie,2
XCatepillan,belladoesmath,1
XCatepillan,diazlopezmath,2
xl772,amermathsoc,4
xl772,ash_wee_k,1
xl772,blkmathmagic,5
xl772,ClaudioJacobo,5
xl772,diazlopezmath,1
xl772,dtkung,1
xl772,FedericoArdila,5
xl772,GoodsiePhD,2
xl772,JointMath,1
xl772,LoboWithACause,6
xl772,mathprofcarrie,8
xl772,mathyadriana,1
xl772,pwr2dppl,13
xl772,qsideinstitute,2
xl772,RachelleDeCoste,1
xl772,sbagley,2
xl772,SoledadVillar5,1
xl772,VictorPiercey1,2
xl772,WanderingPoint,10
xl772,xl772,6
York_CDM,dtkung,2
York_CDM,jmm2021,1
York_CDM,mathprofcarrie,2
Zoe_MM,DrMRLD,2
Zoe_MM,VictorPiercey1,2
